policy,cumulative_return,annualized_return,annualized_volatility,sharpe_ratio,maximum_drawdown,total_turnover,position_changes,market_exposure,directional_accuracy,return_improvement,sharpe_improvement,drawdown_ratio,constraints_met,selected
joint_100,5.762629823358474,0.10595120978952965,0.16817465604274784,0.683195941467031,-0.37968106436489724,47.45323157990856,438.0,0.8904079953368063,0.5509094710432783,-0.013444326961871367,0.05426572349940251,0.7109595634172998,False,False
joint_110,5.877792293819969,0.10693556718076325,0.17196365461467505,0.6770779508925521,-0.3896246090389318,82.716529071528,783.0,0.917400128719057,0.5509094710432783,-0.012459969570637774,0.04814773292492358,0.7295790281306568,False,False
joint_115,5.904088426955939,0.10715814407949331,0.17307407658023488,0.6750073713738585,-0.3948162326011896,91.68187244307556,859.0,0.9253499282825377,0.5509094710432783,-0.01223739267190771,0.046077153406229976,0.7393004358269396,False,False
joint_120,5.929355389041747,0.10737125456069374,0.17497112638237636,0.6706821351377054,-0.3985138183811371,106.44761179018494,927.0,0.9379171692418654,0.5509094710432783,-0.01202428219070728,0.04175191717007687,0.7462242311344743,False,False
joint_125,5.9287016928772385,0.10736575033905593,0.1758129567393422,0.6682857604214874,-0.4032708337874097,113.99011417871681,993.0,0.944384545800592,0.5509094710432783,-0.01202978641234509,0.03935554245385886,0.7551318273088324,False,False
trend_100,6.3743702362103285,0.11100873966694458,0.1878264480347213,0.654662792564579,-0.4625947958415696,31.900000000000006,104.0,0.9319882918670293,0.5488187330127535,-0.008386797084456443,0.025732574596950553,0.86621700410784,False,False
trend_110,7.000804322888115,0.11579147729866857,0.20080826441670882,0.6463688542634763,-0.4842119465310316,42.30000000000001,104.0,1.0093665063767507,0.5488187330127535,-0.0036040594527324554,0.017438636295847854,0.9066955042464073,False,False
trend_115,7.319294147155006,0.11808861904062873,0.20742892299507273,0.6422094676050268,-0.4947633449561226,47.49999999999999,104.0,1.048055613631612,0.5488187330127535,-0.001306917710772293,0.01327924963739835,0.9264531859477396,False,False
trend_120,7.640479242424716,0.12032233066185172,0.21412541884932867,0.638081313940475,-0.5051454106639004,52.7,104.0,1.086744720886473,0.5488187330127535,0.0009267939104506961,0.009151095972846468,0.945893789116397,True,False
trend_125,7.963700662381203,0.12249216472588875,0.2208908548708269,0.6340056001603828,-0.5153597473498724,57.9,104.0,1.1254338281413339,0.5488187330127535,0.003096627974487731,0.005075382192754274,0.9650203167008139,True,False
guarded_trend_100,6.631655314566039,0.1130179783054217,0.1843860115107246,0.6731781808447637,-0.43704994781846185,33.10000000000001,108.0,0.9291657955258206,0.5488187330127535,-0.006377558445979314,0.04424796287713517,0.8183838206741364,False,False
guarded_trend_110,7.385506782994964,0.11855570727511977,0.1962559843131729,0.6693252528057504,-0.4490500687489519,43.90000000000001,108.0,1.0056031779218062,0.5488187330127535,-0.0008398294762812508,0.0403950348381219,0.8408542611001478,False,False
guarded_trend_115,7.776322357697939,0.12124347919293599,0.20232884068665358,0.667113542061044,-0.4550095248720267,49.3,108.0,1.0438218691197994,0.5488187330127535,0.0018479424415349666,0.038183324093415516,0.8520134489583915,True,True
guarded_trend_120,8.17587476346752,0.12387657946015729,0.2084829418739744,0.6647715711527071,-0.4609412624357183,54.7,108.0,1.082040560317792,0.5488187330127535,0.0044810427087562665,0.03584135318507864,0.8631207333199186,True,False
guarded_trend_125,8.583713046414786,0.1264545593970421,0.2147113020201721,0.6623347478525472,-0.46732622137488855,60.099999999999994,108.0,1.120259251515785,0.5488187330127535,0.0070590226456410665,0.03340452988491871,0.875076682788779,True,False
