agent_id,cutoff,candidate,observations,raw_brier,raw_auc,selected
technical,2019-12-31,logistic,162,0.24404719303195557,0.49552387267904513,False
technical,2019-12-31,random_forest,162,0.24372816925761484,0.49038461538461536,True
technical,2019-12-31,histogram_gradient_boosting,162,0.2601551927668314,0.48516246684350134,False
momentum,2019-12-31,logistic,183,0.27081104432171893,0.4936974789915966,False
momentum,2019-12-31,random_forest,183,0.25836536647047337,0.49054621848739494,True
momentum,2019-12-31,histogram_gradient_boosting,183,0.30481509996440825,0.49159663865546216,False
regime,2019-12-31,logistic,189,0.27312591683601606,0.491249392318911,False
regime,2019-12-31,random_forest,189,0.25810629162148974,0.4799465240641711,True
regime,2019-12-31,histogram_gradient_boosting,189,0.31388285332451554,0.4867525522605736,False
risk,2019-12-31,logistic,189,0.07823290644257781,0.5260536398467432,False
risk,2019-12-31,random_forest,189,0.07737628306526298,0.5362068965517242,False
risk,2019-12-31,histogram_gradient_boosting,189,0.0744379420111382,0.6199233716475097,True
technical,2020-12-31,logistic,204,0.24053206448584272,0.5254115962777379,True
technical,2020-12-31,random_forest,204,0.25100274850704896,0.47959914101646384,False
technical,2020-12-31,histogram_gradient_boosting,204,0.2804271416235367,0.47162286532365266,False
momentum,2020-12-31,logistic,225,0.2601255371232697,0.4730665315771699,False
momentum,2020-12-31,random_forest,225,0.251610140482832,0.4769081391421817,True
momentum,2020-12-31,histogram_gradient_boosting,225,0.2814219395795071,0.46825396825396826,False
regime,2020-12-31,logistic,231,0.29778886148099765,0.4728949478748997,False
regime,2020-12-31,random_forest,231,0.2717386900480694,0.453448275862069,True
regime,2020-12-31,histogram_gradient_boosting,231,0.3239562419797313,0.469206094627105,False
risk,2020-12-31,logistic,231,0.1000683353664832,0.5581103678929765,False
risk,2020-12-31,random_forest,231,0.09268890807436919,0.5698160535117056,True
risk,2020-12-31,histogram_gradient_boosting,231,0.0949640984426992,0.6172658862876252,False
technical,2021-12-31,logistic,243,0.24063388248467082,0.5364864864864864,True
technical,2021-12-31,random_forest,243,0.24853141370338308,0.5195945945945946,False
technical,2021-12-31,histogram_gradient_boosting,243,0.2645409558686778,0.5136913229018492,False
momentum,2021-12-31,logistic,264,0.25589835338363565,0.4700609756097561,False
momentum,2021-12-31,random_forest,264,0.25219826169320664,0.4735060975609756,True
momentum,2021-12-31,histogram_gradient_boosting,264,0.26947534863449646,0.4885365853658537,False
regime,2021-12-31,logistic,270,0.26615008598901563,0.4748482726423903,False
regime,2021-12-31,random_forest,270,0.26095599644483963,0.4414974323062558,True
regime,2021-12-31,histogram_gradient_boosting,270,0.2875708711800486,0.4441818394024276,False
risk,2021-12-31,logistic,270,0.10383398067245792,0.6584722222222222,False
risk,2021-12-31,random_forest,270,0.10027176150947678,0.6227083333333333,True
risk,2021-12-31,histogram_gradient_boosting,270,0.10711169179906974,0.6436805555555556,False
technical,2022-12-31,logistic,282,0.254325055351492,0.4779320987654321,False
technical,2022-12-31,random_forest,282,0.24978432178884089,0.5307870370370371,True
technical,2022-12-31,histogram_gradient_boosting,282,0.26756179274104447,0.5342849794238683,False
momentum,2022-12-31,logistic,303,0.2555176776714232,0.4681457720752027,True
momentum,2022-12-31,random_forest,303,0.25563581411290504,0.47407110398289226,False
momentum,2022-12-31,histogram_gradient_boosting,303,0.2640649655978101,0.5122070747571951,False
regime,2022-12-31,logistic,309,0.2579247774307564,0.5006446067898581,False
regime,2022-12-31,random_forest,309,0.25518350428715214,0.46976794155565105,True
regime,2022-12-31,histogram_gradient_boosting,309,0.27664456329796855,0.4832831972496777,False
risk,2022-12-31,logistic,309,0.14907730321417734,0.6569870283018868,False
risk,2022-12-31,random_forest,309,0.13934705287971055,0.6554024174528301,True
risk,2022-12-31,histogram_gradient_boosting,309,0.14644435562164004,0.6448260613207547,False
technical,2023-12-31,logistic,321,0.25080915197911213,0.508318669012958,False
technical,2023-12-31,random_forest,321,0.24988507514813618,0.5464525675891857,True
technical,2023-12-31,histogram_gradient_boosting,321,0.2728433385255107,0.535674292113262,False
momentum,2023-12-31,logistic,342,0.2494279337960663,0.4773649483081049,True
momentum,2023-12-31,random_forest,342,0.24992591899475114,0.49338414311421613,False
momentum,2023-12-31,histogram_gradient_boosting,342,0.26415035079908683,0.49834162520729686,False
regime,2023-12-31,logistic,348,0.2506686300540282,0.5208937404059355,False
regime,2023-12-31,random_forest,348,0.24965098203446648,0.48744669964182163,True
regime,2023-12-31,histogram_gradient_boosting,348,0.2664101395139181,0.5051680027289783,False
risk,2023-12-31,logistic,348,0.14107716978911272,0.6400192922167962,False
risk,2023-12-31,random_forest,348,0.13522874997327378,0.623771628383674,True
risk,2023-12-31,histogram_gradient_boosting,348,0.14445679901811737,0.5885331886417073,False
