cutoff,agent,candidate,observations,loss,auc,selected
2017-12-31,risk_5,logistic,1461,0.14913005530834963,0.5635199296398854,True
2017-12-31,risk_5,histogram_gradient_boosting,1461,0.16473246238240202,0.5355631214055532,False
2017-12-31,risk_10,logistic,1455,0.10327171137985719,0.5703343503686753,True
2017-12-31,risk_10,histogram_gradient_boosting,1455,0.11661669618125801,0.5673732943469786,False
2017-12-31,risk_20,logistic,1449,0.13171698495037162,0.5045577728504558,False
2017-12-31,risk_20,histogram_gradient_boosting,1449,0.10955811718819193,0.6507414079822617,True
2017-12-31,volatility_5,har_ridge,1491,0.04114860629672961,,True
2017-12-31,volatility_5,histogram_gradient_boosting,1491,0.044851285966281046,,False
2017-12-31,volatility_5,trailing_realized,1491,0.05192226744590443,,False
2017-12-31,volatility_5,vix,1491,0.04730910468133261,,False
2017-12-31,volatility_20,har_ridge,1479,0.03398931601909215,,True
2017-12-31,volatility_20,histogram_gradient_boosting,1479,0.04129902636665396,,False
2017-12-31,volatility_20,trailing_realized,1479,0.04550633059985761,,False
2017-12-31,volatility_20,vix,1479,0.03540461880721603,,False
2018-12-31,risk_5,logistic,1647,0.1497338485009161,0.5516326994469278,True
2018-12-31,risk_5,histogram_gradient_boosting,1647,0.1728268987538477,0.5432973818362863,False
2018-12-31,risk_10,logistic,1644,0.11300587516673205,0.5437593108839625,True
2018-12-31,risk_10,histogram_gradient_boosting,1644,0.12363558631020428,0.531037509034323,False
2018-12-31,risk_20,logistic,1638,0.12685276886948055,0.5137170047779431,False
2018-12-31,risk_20,histogram_gradient_boosting,1638,0.10687613246060962,0.5469765802459465,True
2018-12-31,volatility_5,har_ridge,1677,0.04597877459715623,,True
2018-12-31,volatility_5,histogram_gradient_boosting,1677,0.0489073364205977,,False
2018-12-31,volatility_5,trailing_realized,1677,0.05602677403045297,,False
2018-12-31,volatility_5,vix,1677,0.04948399434323486,,False
2018-12-31,volatility_20,har_ridge,1668,0.039706264476948305,,False
2018-12-31,volatility_20,histogram_gradient_boosting,1668,0.04769077723905767,,False
2018-12-31,volatility_20,trailing_realized,1668,0.050151657587861484,,False
2018-12-31,volatility_20,vix,1668,0.039063413561871284,,True
2019-12-31,risk_5,logistic,1836,0.14974826622602802,0.5698196035992006,True
2019-12-31,risk_5,histogram_gradient_boosting,1836,0.17178801624166787,0.5531839921103847,False
2019-12-31,risk_10,logistic,1833,0.11043667590947759,0.6159166831562162,True
2019-12-31,risk_10,histogram_gradient_boosting,1833,0.11845517998173868,0.5693404956176598,False
2019-12-31,risk_20,logistic,1827,0.12384176771858413,0.5864692302142702,False
2019-12-31,risk_20,histogram_gradient_boosting,1827,0.10698256810639727,0.6336898492172282,True
2019-12-31,volatility_5,har_ridge,1866,0.045130122284811704,,True
2019-12-31,volatility_5,histogram_gradient_boosting,1866,0.04775851040548187,,False
2019-12-31,volatility_5,trailing_realized,1866,0.05781050940551543,,False
2019-12-31,volatility_5,vix,1866,0.049643357260044194,,False
2019-12-31,volatility_20,har_ridge,1857,0.04239675012281318,,False
2019-12-31,volatility_20,histogram_gradient_boosting,1857,0.04897490828951923,,False
2019-12-31,volatility_20,trailing_realized,1857,0.05392587687619122,,False
2019-12-31,volatility_20,vix,1857,0.0408108224037898,,True
2020-12-31,risk_5,logistic,2028,0.14418339250557843,0.5836167632793091,True
2020-12-31,risk_5,histogram_gradient_boosting,2028,0.16581815128562657,0.5740565479711345,False
2020-12-31,risk_10,logistic,2022,0.11047206639668994,0.5967051630434782,True
2020-12-31,risk_10,histogram_gradient_boosting,2022,0.1141606779589818,0.5699861704192546,False
2020-12-31,risk_20,logistic,2016,0.1303508493477314,0.5789444860782844,False
2020-12-31,risk_20,histogram_gradient_boosting,2016,0.11168230777071605,0.5935867873407505,True
2020-12-31,volatility_5,har_ridge,2058,0.051818272306507644,,True
2020-12-31,volatility_5,histogram_gradient_boosting,2058,0.05514044715171296,,False
2020-12-31,volatility_5,trailing_realized,2058,0.06759087109027416,,False
2020-12-31,volatility_5,vix,2058,0.056766340904815235,,False
2020-12-31,volatility_20,har_ridge,2046,0.05131364748071008,,False
2020-12-31,volatility_20,histogram_gradient_boosting,2046,0.05817654722924779,,False
2020-12-31,volatility_20,trailing_realized,2046,0.06672618351661819,,False
2020-12-31,volatility_20,vix,2046,0.050555529916968656,,True
2021-12-31,risk_5,logistic,2217,0.14377005974136436,0.5818807865942307,True
2021-12-31,risk_5,histogram_gradient_boosting,2217,0.16172717079325946,0.5781421684903206,False
2021-12-31,risk_10,logistic,2211,0.1152043880697812,0.5594796189942569,True
2021-12-31,risk_10,histogram_gradient_boosting,2211,0.11768626616666493,0.5498893013338313,False
2021-12-31,risk_20,logistic,2205,0.12521189486293893,0.5807924573338108,False
2021-12-31,risk_20,histogram_gradient_boosting,2205,0.1064384333410627,0.6019644348967658,True
2021-12-31,volatility_5,har_ridge,2247,0.05281455507652491,,True
2021-12-31,volatility_5,histogram_gradient_boosting,2247,0.05575104316000319,,False
2021-12-31,volatility_5,trailing_realized,2247,0.06706379507223806,,False
2021-12-31,volatility_5,vix,2247,0.05728911092737904,,False
2021-12-31,volatility_20,har_ridge,2235,0.049576191340922955,,True
2021-12-31,volatility_20,histogram_gradient_boosting,2235,0.05672687369754181,,False
2021-12-31,volatility_20,trailing_realized,2235,0.06611267986099137,,False
2021-12-31,volatility_20,vix,2235,0.051093498600550354,,False
2022-12-31,risk_5,logistic,2403,0.14334167350376073,0.5634480250123824,True
2022-12-31,risk_5,histogram_gradient_boosting,2403,0.1488794959016354,0.5519762774475813,False
2022-12-31,risk_10,logistic,2400,0.11590272298720738,0.5674065483007236,False
2022-12-31,risk_10,histogram_gradient_boosting,2400,0.11084375842654069,0.572636960173386,True
2022-12-31,risk_20,logistic,2394,0.10770315461820858,0.5931836364823825,False
2022-12-31,risk_20,histogram_gradient_boosting,2394,0.08680000579271545,0.6607860105149724,True
2022-12-31,volatility_5,har_ridge,2433,0.059625100701670694,,False
2022-12-31,volatility_5,histogram_gradient_boosting,2433,0.06181264630985263,,False
2022-12-31,volatility_5,trailing_realized,2433,0.06934273094553411,,False
2022-12-31,volatility_5,vix,2433,0.05957854427264206,,True
2022-12-31,volatility_20,har_ridge,2424,0.05505256716329978,,False
2022-12-31,volatility_20,histogram_gradient_boosting,2424,0.05756531981351442,,False
2022-12-31,volatility_20,trailing_realized,2424,0.06615682801306193,,False
2022-12-31,volatility_20,vix,2424,0.053261871814544004,,True
2023-12-31,risk_5,logistic,2592,0.1346502017041156,0.575484693877551,True
2023-12-31,risk_5,histogram_gradient_boosting,2592,0.13589807658427466,0.5594231215213358,False
2023-12-31,risk_10,logistic,2589,0.10756469277244857,0.5743693939976061,False
2023-12-31,risk_10,histogram_gradient_boosting,2589,0.1040100343205735,0.5657219275043223,True
2023-12-31,risk_20,logistic,2580,0.0943965102533612,0.6180534501576522,False
2023-12-31,risk_20,histogram_gradient_boosting,2580,0.08220679374382066,0.6412919900557845,True
2023-12-31,volatility_5,har_ridge,2622,0.06035233693124515,,False
2023-12-31,volatility_5,histogram_gradient_boosting,2622,0.06205149390948284,,False
2023-12-31,volatility_5,trailing_realized,2622,0.06746279867164119,,False
2023-12-31,volatility_5,vix,2622,0.057999096147690506,,True
2023-12-31,volatility_20,har_ridge,2610,0.05427217276646736,,False
2023-12-31,volatility_20,histogram_gradient_boosting,2610,0.056757974541564275,,False
2023-12-31,volatility_20,trailing_realized,2610,0.06302215041162779,,False
2023-12-31,volatility_20,vix,2610,0.05083837089786132,,True
2024-12-31,risk_5,logistic,2781,0.13306702986712626,0.5826440635742112,False
2024-12-31,risk_5,histogram_gradient_boosting,2781,0.13295218320542437,0.5649438773357656,True
2024-12-31,risk_10,logistic,2778,0.10424976631407518,0.589505472785126,False
2024-12-31,risk_10,histogram_gradient_boosting,2778,0.10144723684793232,0.5804586900310416,True
2024-12-31,risk_20,logistic,2769,0.08440320236226603,0.6282925836440989,False
2024-12-31,risk_20,histogram_gradient_boosting,2769,0.08021285483797523,0.6669254556436788,True
2024-12-31,volatility_5,har_ridge,2811,0.05907946719847664,,False
2024-12-31,volatility_5,histogram_gradient_boosting,2811,0.061681710424240435,,False
2024-12-31,volatility_5,trailing_realized,2811,0.06708443466173658,,False
2024-12-31,volatility_5,vix,2811,0.05746634508304238,,True
2024-12-31,volatility_20,har_ridge,2799,0.05188765966045461,,False
2024-12-31,volatility_20,histogram_gradient_boosting,2799,0.05448502419038506,,False
2024-12-31,volatility_20,trailing_realized,2799,0.06240229820373208,,False
2024-12-31,volatility_20,vix,2799,0.05010846433308489,,True
2025-12-31,risk_5,logistic,2967,0.13238681799024862,0.5963437279329074,True
2025-12-31,risk_5,histogram_gradient_boosting,2967,0.13258894851795372,0.570468236463337,False
2025-12-31,risk_10,logistic,2964,0.10439743250695206,0.6013678679281473,False
2025-12-31,risk_10,histogram_gradient_boosting,2964,0.10246475730132527,0.5814302951632833,True
2025-12-31,risk_20,logistic,2958,0.08467457939840524,0.6248650860274978,False
2025-12-31,risk_20,histogram_gradient_boosting,2958,0.08291599269578862,0.6512778910388906,True
2025-12-31,volatility_5,har_ridge,2997,0.06018850241428856,,False
2025-12-31,volatility_5,histogram_gradient_boosting,2997,0.062406947770632576,,False
2025-12-31,volatility_5,trailing_realized,2997,0.06957660487374549,,False
2025-12-31,volatility_5,vix,2997,0.05904077048629502,,True
2025-12-31,volatility_20,har_ridge,2988,0.053294603976417776,,False
2025-12-31,volatility_20,histogram_gradient_boosting,2988,0.05589880093046362,,False
2025-12-31,volatility_20,trailing_realized,2988,0.06546190973902555,,False
2025-12-31,volatility_20,vix,2988,0.05213558627325261,,True
