cutoff,maximum_target_end_date,risk_5_auc,risk_10_auc,risk_20_auc,risk_5_brier,risk_10_brier,risk_20_brier,risk_5_positive_rate,risk_10_positive_rate,risk_20_positive_rate,risk_5_model,risk_10_model,risk_20_model,risk_5_active,risk_10_active,risk_20_active,volatility_5_model,volatility_20_model,volatility_5_mae,volatility_20_mae,volatility_5_upper_coverage,volatility_20_upper_coverage
2017-12-31,2017-12-29,0.5635199296398854,0.5703343503686753,0.6507414079822617,0.14913005530834963,0.10327171137985719,0.10955811718819193,0.16085657370517928,0.0983524712930604,0.07275464124435524,logistic,logistic,histogram_gradient_boosting,True,True,True,har_ridge,har_ridge,0.04114860629672961,0.03398931601909215,0.7545271629778671,0.7640297498309668
2018-12-31,2018-12-31,0.5516326994469278,0.5437593108839625,0.5469765802459465,0.1497338485009161,0.11300587516673205,0.10687613246060962,0.1637892872952634,0.10913930789707187,0.08467023172905526,logistic,logistic,histogram_gradient_boosting,True,False,False,har_ridge,vix,0.04597877459715623,0.039063413561871284,0.7215265354800239,0.7302158273381295
2019-12-31,2019-12-31,0.5698196035992006,0.6159166831562162,0.6336898492172282,0.14974826622602802,0.11043667590947759,0.10698256810639727,0.1608920748705695,0.10853950518754989,0.08854166666666667,logistic,logistic,histogram_gradient_boosting,True,True,True,har_ridge,vix,0.045130122284811704,0.0408108224037898,0.7090032154340836,0.7495961227786753
2020-12-31,2020-12-31,0.5836167632793091,0.5967051630434782,0.5935867873407505,0.14418339250557843,0.11047206639668994,0.11168230777071605,0.15882778581765558,0.10873504893077202,0.09166969807202618,logistic,logistic,histogram_gradient_boosting,True,True,True,har_ridge,vix,0.051818272306507644,0.050555529916968656,0.6899902818270165,0.7262952101661779
2021-12-31,2021-12-31,0.5818807865942307,0.5594796189942569,0.6019644348967658,0.14377005974136436,0.1152043880697812,0.1064384333410627,0.15915119363395225,0.11092660245765526,0.09063645451516161,logistic,logistic,histogram_gradient_boosting,True,True,True,har_ridge,har_ridge,0.05281455507652491,0.049576191340922955,0.7009345794392523,0.6868008948545862
2022-12-31,2022-12-30,0.5634480250123824,0.572636960173386,0.6607860105149724,0.14334167350376073,0.11084375842654069,0.08680000579271545,0.16100397918579737,0.11281422440220723,0.09009840098400984,logistic,histogram_gradient_boosting,histogram_gradient_boosting,True,True,True,vix,vix,0.05957854427264206,0.053261871814544004,0.6498150431565968,0.6093234323432343
2023-12-31,2023-12-29,0.575484693877551,0.5657219275043223,0.6412919900557845,0.1346502017041156,0.1040100343205735,0.08220679374382066,0.15496161501279498,0.10734624145785877,0.08366647629925757,logistic,histogram_gradient_boosting,histogram_gradient_boosting,True,True,True,vix,vix,0.057999096147690506,0.05083837089786132,0.6327231121281465,0.5681992337164751
2024-12-31,2024-12-31,0.5649438773357656,0.5804586900310416,0.6669254556436788,0.13295218320542437,0.10144723684793232,0.08021285483797523,0.15441761740514726,0.10626992561105207,0.08257858284496537,histogram_gradient_boosting,histogram_gradient_boosting,histogram_gradient_boosting,True,True,True,vix,vix,0.05746634508304238,0.05010846433308489,0.6090359302739239,0.5687745623436942
2025-12-31,2025-12-31,0.5963437279329074,0.5814302951632833,0.6512778910388906,0.13238681799024862,0.10246475730132527,0.08291599269578862,0.15600895745210253,0.10837070254110613,0.08291708291708291,logistic,histogram_gradient_boosting,histogram_gradient_boosting,True,True,True,vix,vix,0.05904077048629502,0.05213558627325261,0.5985985985985987,0.5575635876840697
