date,expected_return,downside_quantile,risk_probability,cash_return,previous_exposure,raw_exposure,desired_position,expected_excess_return,downside_penalty,risk_penalty,selected_model,selected_risk_model,rationale
2020-01-03,0.0009185848782208507,-0.017929439330519232,0.029913741614433536,0.0002804721309923,0.95,0.950159528186807,0.95,0.0006381127472285507,0.0,0.0,histogram_gradient_boosting,histogram_gradient_boosting,Cambio inferior a la banda mínima; se evita rotación innecesaria.
2020-01-10,-0.0028683708939400403,-0.01503127725280444,0.04426717729330332,0.0002851978031856,0.95,0.9492116078257186,0.95,-0.0031535686971256405,0.0,0.0,histogram_gradient_boosting,histogram_gradient_boosting,Cambio inferior a la banda mínima; se evita rotación innecesaria.
2020-01-17,-0.0002790109611216673,-0.01726350921648415,0.18543164665494208,0.0002899223338614,0.95,0.9498577666762542,0.95,-0.0005689332949830673,0.0,0.0,histogram_gradient_boosting,histogram_gradient_boosting,Cambio inferior a la banda mínima; se evita rotación innecesaria.
2020-01-24,0.00023066268092358138,-0.013794763067721429,0.07925258412374357,0.0002836857078023,0.95,0.9499867442432802,0.95,-5.302302687871862e-05,0.0,0.0,histogram_gradient_boosting,histogram_gradient_boosting,Cambio inferior a la banda mínima; se evita rotación innecesaria.
2020-01-31,0.015144923904634866,-0.011967939374351498,0.08689932240183572,0.0002874657158316,0.95,0.9537143645472008,0.95,0.014857458188803267,0.0,0.0,histogram_gradient_boosting,histogram_gradient_boosting,Cambio inferior a la banda mínima; se evita rotación innecesaria.
2020-02-07,-0.004511207606879005,-0.01558909238019051,0.08588753442135824,0.0002889775190211,0.95,0.9487999537185249,0.95,-0.004800185125900105,0.0,0.0,histogram_gradient_boosting,histogram_gradient_boosting,Cambio inferior a la banda mínima; se evita rotación innecesaria.
2020-02-14,-0.005152723691467836,-0.01731747131667017,0.08340736275062463,0.0002921896987762,0.95,0.9486387716524389,0.95,-0.005444913390244036,0.0,0.0,histogram_gradient_boosting,histogram_gradient_boosting,Cambio inferior a la banda mínima; se evita rotación innecesaria.
2020-02-21,0.006353729709072179,-0.013039041887455222,0.08450952029884232,0.0002889775190211,0.95,0.9515161880475127,0.95,0.0060647521900510796,0.0,0.0,histogram_gradient_boosting,histogram_gradient_boosting,Cambio inferior a la banda mínima; se evita rotación innecesaria.
2020-02-28,0.032325919703335294,0.00015380486807443884,0.12927504243925006,0.0002344789617225,0.95,0.9580228601854032,0.95,0.0320914407416128,0.0,0.0,histogram_gradient_boosting,histogram_gradient_boosting,Cambio inferior a la banda mínima; se evita rotación innecesaria.
2020-03-06,0.022864917626251775,-0.0007152951679742937,0.12927504243925006,7.942750192890813e-05,0.95,0.9556963725310806,0.95,0.022785490124322866,0.0,0.0,histogram_gradient_boosting,histogram_gradient_boosting,Cambio inferior a la banda mínima; se evita rotación innecesaria.
2020-03-13,0.03923059881754972,-0.00535651184134013,0.12927504243925006,4.654729238739996e-05,0.95,0.9597960128812906,0.95,0.03918405152516232,0.0,0.0,histogram_gradient_boosting,histogram_gradient_boosting,Cambio inferior a la banda mínima; se evita rotación innecesaria.
2020-03-20,0.03762589613055821,-0.005488838628448875,0.12927504243925006,-6.329791531811679e-06,0.95,0.9594080564805224,0.95,0.03763222592209002,0.0,0.0,histogram_gradient_boosting,histogram_gradient_boosting,Cambio inferior a la banda mínima; se evita rotación innecesaria.
2020-03-27,0.02294053294029368,-0.006488482572768338,0.12927504243925006,-1.1126452453047442e-05,0.95,0.9557379148481866,0.95,0.022951659392746727,0.0,0.0,histogram_gradient_boosting,histogram_gradient_boosting,Cambio inferior a la banda mínima; se evita rotación innecesaria.
2020-04-03,0.023312577775491648,-0.021778643895550127,0.12927504243925006,1.1120124673080768e-05,0.95,0.9558253644127046,0.95,0.023301457650818567,0.0,0.0,histogram_gradient_boosting,histogram_gradient_boosting,Cambio inferior a la banda mínima; se evita rotación innecesaria.
2020-04-09,0.024518219992201214,0.0030164962262020445,0.12927504243925006,3.448494555113868e-05,0.95,0.9561209337616625,0.95,0.024483735046650076,0.0,0.0,histogram_gradient_boosting,histogram_gradient_boosting,Cambio inferior a la banda mínima; se evita rotación innecesaria.
2020-04-17,0.0267235148547088,0.005517180791294316,0.11438242420022625,2.2563978729905895e-05,0.95,0.9566752377189947,0.95,0.026700950875978895,0.0,0.0,histogram_gradient_boosting,histogram_gradient_boosting,Cambio inferior a la banda mínima; se evita rotación innecesaria.
2020-04-24,0.027373142796016117,0.009261484750119339,0.12927504243925006,1.9168683540460307e-05,0.95,0.9568384935281189,0.95,0.027353974112475657,0.0,0.0,histogram_gradient_boosting,histogram_gradient_boosting,Cambio inferior a la banda mínima; se evita rotación innecesaria.
2020-05-01,0.02221718732440493,-0.0017595488747633628,0.12927504243925006,1.7827487345911663e-05,0.95,0.9555498399592647,0.95,0.022199359837059018,0.0,0.0,histogram_gradient_boosting,histogram_gradient_boosting,Cambio inferior a la banda mínima; se evita rotación innecesaria.
2020-05-08,0.02372976824776394,-0.006244670782770446,0.07325927099398648,1.821069503460393e-05,0.95,0.9559278893881823,0.95,0.023711557552729336,0.0,0.0,histogram_gradient_boosting,histogram_gradient_boosting,Cambio inferior a la banda mínima; se evita rotación innecesaria.
2020-05-15,0.006521146108040297,-0.016205945826517566,0.08649957924544778,1.974345354560647e-05,0.95,0.9516253506636236,0.95,0.006501402654494691,0.0,0.0,histogram_gradient_boosting,histogram_gradient_boosting,Cambio inferior a la banda mínima; se evita rotación innecesaria.
2020-05-22,0.02047237881238479,-0.016564855647046902,0.07567337280797554,2.108451833460201e-05,0.95,0.9551128235735125,0.95,0.02045129429405019,0.0,0.0,histogram_gradient_boosting,histogram_gradient_boosting,Cambio inferior a la banda mínima; se evita rotación innecesaria.
2020-05-29,0.01632319441373618,-0.009372802910437553,0.11377860084777208,2.453254999656984e-05,0.95,0.9540746654659349,0.95,0.01629866186373961,0.0,0.0,histogram_gradient_boosting,histogram_gradient_boosting,Cambio inferior a la banda mínima; se evita rotación innecesaria.
2020-06-05,0.009636668493483134,-0.015225060144507842,0.0957399378092407,2.7788462980238293e-05,0.95,0.9524022200076256,0.95,0.009608880030502896,0.0,0.0,histogram_gradient_boosting,histogram_gradient_boosting,Cambio inferior a la banda mínima; se evita rotación innecesaria.
2020-06-12,0.007981073795454789,-0.018114061669410295,0.07757780516552439,2.874598379531967e-05,0.95,0.9519880819529148,0.95,0.00795232781165947,0.0,0.0,histogram_gradient_boosting,histogram_gradient_boosting,Cambio inferior a la banda mínima; se evita rotación innecesaria.
2020-06-19,0.004997273945279285,-0.005820928412444415,0.07648633912461988,2.7405444378070243e-05,0.95,0.9512424671252253,0.95,0.004969868500901215,0.0,0.0,histogram_gradient_boosting,histogram_gradient_boosting,Cambio inferior a la banda mínima; se evita rotación innecesaria.
2020-06-26,0.022797689927692457,-0.010033558492629718,0.08930794113111022,2.5490227407054533e-05,0.95,0.9556930499250713,0.95,0.022772199700285402,0.0,0.0,histogram_gradient_boosting,histogram_gradient_boosting,Cambio inferior a la banda mínima; se evita rotación innecesaria.
2020-07-02,0.018048974848093854,-0.010580731087501212,0.08451420510133681,2.1848726568629573e-05,0.95,0.9545067815303813,0.95,0.018027126121525225,0.0,0.0,histogram_gradient_boosting,histogram_gradient_boosting,Cambio inferior a la banda mínima; se evita rotación innecesaria.
2020-07-10,0.007906747285117265,-0.00507657265062204,0.09905933833845132,2.6285946537640825e-05,0.95,0.9519701153346448,0.95,0.007880461338579624,0.0,0.0,histogram_gradient_boosting,histogram_gradient_boosting,Cambio inferior a la banda mínima; se evita rotación innecesaria.
2020-07-17,0.005085953964574227,-0.005634860894731898,0.11377860084777208,2.0126623687666267e-05,0.95,0.9512664568352216,0.95,0.0050658273408865605,0.0,0.0,histogram_gradient_boosting,histogram_gradient_boosting,Cambio inferior a la banda mínima; se evita rotación innecesaria.
2020-07-24,0.02046497987862845,-0.003409182619364453,0.09152153239517591,1.8785493198780756e-05,0.95,0.9551115485963574,0.95,0.020446194385429668,0.0,0.0,histogram_gradient_boosting,histogram_gradient_boosting,Cambio inferior a la banda mínima; se evita rotación innecesaria.
2020-07-31,0.004899874916289206,-0.009099372920321796,0.0764496773525253,1.591133196088279e-05,0.95,0.951220990896082,0.95,0.004883963584328323,0.0,0.0,histogram_gradient_boosting,histogram_gradient_boosting,Cambio inferior a la banda mínima; se evita rotación innecesaria.
2020-08-07,0.005599491338025994,-0.005749576802033052,0.07386133023353611,1.6869433125288325e-05,0.95,0.9513956554762252,0.95,0.005582621904900706,0.0,0.0,histogram_gradient_boosting,histogram_gradient_boosting,Cambio inferior a la banda mínima; se evita rotación innecesaria.
2020-08-14,0.006727814258263481,-0.009423019273825885,0.0720340607161357,1.6869433125288325e-05,0.95,0.9516777362062845,0.95,0.006710944825138193,0.0,0.0,histogram_gradient_boosting,histogram_gradient_boosting,Cambio inferior a la banda mínima; se evita rotación innecesaria.
2020-08-21,0.008215732344883906,-0.007236066865337471,0.09346998870246155,1.6869433125288325e-05,0.95,0.9520497157279396,0.95,0.008198862911758618,0.0,0.0,histogram_gradient_boosting,histogram_gradient_boosting,Cambio inferior a la banda mínima; se evita rotación innecesaria.
2020-08-28,0.00542088720568703,-0.015979207743424092,0.0984967126639588,1.821069503460393e-05,0.95,0.9513506691276631,0.95,0.005402676510652426,0.0,0.0,histogram_gradient_boosting,histogram_gradient_boosting,Cambio inferior a la banda mínima; se evita rotación innecesaria.
2020-09-04,0.02167684510250787,-0.012546048857994735,0.07757780516552439,1.974345354560647e-05,0.95,0.9554142754122406,0.95,0.021657101648962264,0.0,0.0,histogram_gradient_boosting,histogram_gradient_boosting,Cambio inferior a la banda mínima; se evita rotación innecesaria.
2020-09-11,0.00866839646993265,-0.019237516302575357,0.12927504243925006,1.974345354560647e-05,0.95,0.9521621632540967,0.95,0.008648653016387044,0.0,0.0,histogram_gradient_boosting,histogram_gradient_boosting,Cambio inferior a la banda mínima; se evita rotación innecesaria.
2020-09-18,0.02513453343222767,-0.009080396045205262,0.12927504243925006,1.591133196088279e-05,0.95,0.9562796555250667,0.95,0.025118622100266788,0.0,0.0,histogram_gradient_boosting,histogram_gradient_boosting,Cambio inferior a la banda mínima; se evita rotación innecesaria.
2020-09-25,0.004579235117704478,-0.03005509903624072,0.12927504243925006,1.725266101670897e-05,0.95,0.9498767208551118,0.95,0.004561982456687769,0.005055099036240719,0.0,histogram_gradient_boosting,histogram_gradient_boosting,Cambio inferior a la banda mínima; se evita rotación innecesaria.
2020-10-02,0.030915307503411652,-0.012326667105060455,0.12927504243925006,1.6294578631059764e-05,0.95,0.9577247532311951,0.95,0.030899012924780592,0.0,0.0,histogram_gradient_boosting,histogram_gradient_boosting,Cambio inferior a la banda mínima; se evita rotación innecesaria.
2020-10-09,0.0023475338905056234,-0.010658958730005556,0.07325927099398648,1.7827487345911663e-05,0.95,0.9505824266007898,0.95,0.0023297064031597117,0.0,0.0,histogram_gradient_boosting,histogram_gradient_boosting,Cambio inferior a la banda mínima; se evita rotación innecesaria.
2020-10-16,0.00792813760385237,-0.008321387096899726,0.07550566746739346,1.725266101670897e-05,0.95,0.9519777212357089,0.95,0.00791088494283566,0.0,0.0,histogram_gradient_boosting,histogram_gradient_boosting,Cambio inferior a la banda mínima; se evita rotación innecesaria.
2020-10-23,0.004675438488843935,-0.0078117113900854785,0.07757780516552439,1.591133196088279e-05,0.95,0.9511648817892208,0.95,0.004659527156883052,0.0,0.0,histogram_gradient_boosting,histogram_gradient_boosting,Cambio inferior a la banda mínima; se evita rotación innecesaria.
2020-10-30,0.0196652443112619,-0.009039418584217274,0.116503987734384,1.591133196088279e-05,0.95,0.9549123332448252,0.95,0.019649332979301017,0.0,0.0,histogram_gradient_boosting,histogram_gradient_boosting,Cambio inferior a la banda mínima; se evita rotación innecesaria.
2020-11-06,0.010001815394194839,-0.009770739970263956,0.08519431791305268,1.591133196088279e-05,0.95,0.9524964760155584,0.95,0.009985904062233956,0.0,0.0,histogram_gradient_boosting,histogram_gradient_boosting,Cambio inferior a la banda mínima; se evita rotación innecesaria.
2020-11-13,0.0196623845084676,-0.0070959984460948105,0.08623559652470328,1.591133196088279e-05,0.95,0.9549116182941266,0.95,0.019646473176506717,0.0,0.0,histogram_gradient_boosting,histogram_gradient_boosting,Cambio inferior a la banda mínima; se evita rotación innecesaria.
2020-11-20,0.02034653414398318,-0.0076718685841370825,0.07303246507365943,1.1120124673080768e-05,0.95,0.9550838535048275,0.95,0.020335414019310098,0.0,0.0,histogram_gradient_boosting,histogram_gradient_boosting,Cambio inferior a la banda mínima; se evita rotación innecesaria.
2020-11-27,0.010351609600302373,0.0019345742424277004,0.0720340607161357,1.3994990208043843e-05,0.95,0.9525844036525235,0.95,0.01033761461009433,0.0,0.0,histogram_gradient_boosting,histogram_gradient_boosting,Cambio inferior a la banda mínima; se evita rotación innecesaria.
2020-12-04,0.0012866547747844921,-0.008273073604930467,0.08790886565650555,1.4378274441728678e-05,0.95,0.9503180691250857,0.95,0.0012722765003427635,0.0,0.0,histogram_gradient_boosting,histogram_gradient_boosting,Cambio inferior a la banda mínima; se evita rotación innecesaria.
2020-12-11,0.0024560954341473085,-0.012925222770599648,0.12226114378934906,1.246178100067219e-05,0.95,0.9506109084132867,0.95,0.0024436336531466363,0.0,0.0,histogram_gradient_boosting,histogram_gradient_boosting,Cambio inferior a la banda mínima; se evita rotación innecesaria.
2020-12-18,0.006588934561498186,-0.00892894000237901,0.1894941499656299,1.5336449296965426e-05,0.95,0.9516433995280502,0.95,0.0065735981122012205,0.0,0.0,histogram_gradient_boosting,histogram_gradient_boosting,Cambio inferior a la banda mínima; se evita rotación innecesaria.
2020-12-24,-8.504843152000284e-05,-0.004562618747737252,0.21159715267601642,1.2324222578685706e-05,0.95,0.9499756568364753,0.95,-9.737265409868855e-05,0.0,0.0,histogram_gradient_boosting,histogram_gradient_boosting,Cambio inferior a la banda mínima; se evita rotación innecesaria.
2020-12-31,0.0011288858041367934,-0.009605091560557638,0.11213128816967761,1.246178100067219e-05,0.95,0.950279106005784,0.95,0.0011164240231361212,0.0,0.0,histogram_gradient_boosting,histogram_gradient_boosting,Cambio inferior a la banda mínima; se evita rotación innecesaria.
2021-01-08,0.0035481979863120033,-0.012394806913404312,0.10124841775344469,1.752738982574442e-05,0.95,0.9508826676491215,0.95,0.003530670596486259,0.0,0.0,ridge,histogram_gradient_boosting,Cambio inferior a la banda mínima; se evita rotación innecesaria.
2021-01-15,0.010465137072268036,-0.011182973427489862,0.09802570192017908,1.4378274441728678e-05,0.95,0.9526126896994566,0.95,0.010450758797826308,0.0,0.0,ridge,histogram_gradient_boosting,Cambio inferior a la banda mínima; se evita rotación innecesaria.
2021-01-22,0.0024865426770229776,-0.013375944982723131,0.09604701346546433,1.3420051200530024e-05,0.95,0.9506182806564556,0.95,0.0024731226258224476,0.0,0.0,ridge,histogram_gradient_boosting,Cambio inferior a la banda mínima; se evita rotación innecesaria.
2021-01-29,0.012343776201220617,-0.008973328282634948,0.09494831446040519,9.203313273697944e-06,0.95,0.9530836432219867,0.95,0.01233457288794692,0.0,0.0,ridge,histogram_gradient_boosting,Cambio inferior a la banda mínima; se evita rotación innecesaria.
2021-02-05,0.0031672478765530725,-0.016143877245394164,0.09591691624415259,4.410461455606196e-06,0.95,0.9507907093537743,0.95,0.0031628374150974663,0.0,0.0,ridge,histogram_gradient_boosting,Cambio inferior a la banda mínima; se evita rotación innecesaria.
2021-02-12,0.0074438374434514405,-0.012099123165895715,0.0960734970963357,6.71117693196166e-06,0.95,0.9518592815666298,0.95,0.007437126266519479,0.0,0.0,ridge,histogram_gradient_boosting,Cambio inferior a la banda mínima; se evita rotación innecesaria.
2021-02-19,0.011207868436049474,-0.024225688129718165,0.08205540973507253,4.410461455606196e-06,0.95,0.9528008644936484,0.95,0.011203457974593867,0.0,0.0,ridge,histogram_gradient_boosting,Cambio inferior a la banda mínima; se evita rotación innecesaria.
2021-02-26,0.020612193133152944,-0.010785079134466918,0.1077287808316659,6.71117693196166e-06,0.95,0.9551513704890552,0.95,0.020605481956220983,0.0,0.0,ridge,histogram_gradient_boosting,Cambio inferior a la banda mínima; se evita rotación innecesaria.
2021-03-05,0.007618867692122685,-0.0163348706905053,0.1342214489404359,5.36912595272554e-06,0.95,0.9519033746415424,0.95,0.00761349856616996,0.0,0.0,ridge,histogram_gradient_boosting,Cambio inferior a la banda mínima; se evita rotación innecesaria.
2021-03-12,0.005982304974214703,-0.01848752792449946,0.12380704221022659,4.793932894653352e-06,0.95,0.95149437776033,0.95,0.005977511041320049,0.0,0.0,ridge,histogram_gradient_boosting,Cambio inferior a la banda mínima; se evita rotación innecesaria.
2021-03-19,0.0125284962075113,-0.020647062505662585,0.12380704221022659,9.588805753857343e-07,0.95,0.9531318843317339,0.95,0.012527537326935914,0.0,0.0,ridge,histogram_gradient_boosting,Cambio inferior a la banda mínima; se evita rotación innecesaria.
2021-03-26,0.010003714905239679,-0.014878578448444747,0.12380704221022659,2.876500670323523e-06,0.95,0.9525002096011423,0.95,0.010000838404569355,0.0,0.0,ridge,histogram_gradient_boosting,Cambio inferior a la banda mínima; se evita rotación innecesaria.
2021-04-01,0.003630119097062436,-0.010371158839219678,0.09857206355358566,1.3150168205466883e-06,0.95,0.9509072010200604,0.95,0.0036288040802418893,0.0,0.0,ridge,histogram_gradient_boosting,Cambio inferior a la banda mínima; se evita rotación innecesaria.
2021-04-09,-0.003840643477868056,-0.0178031657084155,0.0960734970963357,6.575246063178497e-07,0.95,0.9490396747493813,0.95,-0.0038413010024743737,0.0,0.0,ridge,histogram_gradient_boosting,Cambio inferior a la banda mínima; se evita rotación innecesaria.
2021-04-16,-0.0027212485525511926,-0.022875699371501777,0.11049226345022521,1.5341864587625764e-06,0.95,0.9493193043152475,0.95,-0.002722782739009955,0.0,0.0,ridge,histogram_gradient_boosting,Cambio inferior a la banda mínima; se evita rotación innecesaria.
2021-04-23,0.0012795574597276207,-0.014010487920303773,0.09086113306775159,2.876500670323523e-06,0.95,0.9503191702397643,0.95,0.0012766809590572972,0.0,0.0,ridge,histogram_gradient_boosting,Cambio inferior a la banda mínima; se evita rotación innecesaria.
2021-04-30,-0.0014988492268109914,-0.01274264168944509,0.09086113306775159,5.753340068803681e-07,0.95,0.9496251438597955,0.95,-0.0014994245608178718,0.0,0.0,ridge,histogram_gradient_boosting,Cambio inferior a la banda mínima; se evita rotación innecesaria.
2021-05-07,0.0005349040574496922,-0.012562548123706758,0.09802570192017908,1.5341864587625764e-06,0.95,0.9501333424677477,0.95,0.0005333698709909297,0.0,0.0,ridge,histogram_gradient_boosting,Cambio inferior a la banda mínima; se evita rotación innecesaria.
2021-05-14,0.003585410051784412,-0.01744469349792731,0.08702890581291656,9.588805753857343e-07,0.95,0.9508961127928022,0.95,0.0035844511712090263,0.0,0.0,ridge,histogram_gradient_boosting,Cambio inferior a la banda mínima; se evita rotación innecesaria.
2021-05-21,0.00029600421573253806,-0.015647756888137333,0.08410822091319692,5.753340068803681e-07,0.95,0.9500738572204314,0.95,0.0002954288817256577,0.0,0.0,ridge,histogram_gradient_boosting,Cambio inferior a la banda mínima; se evita rotación innecesaria.
2021-05-28,0.004513079641750313,-0.012460490758767952,0.09451565314228799,1.5341864587625764e-06,0.95,0.9511278863638228,0.95,0.004511545455291551,0.0,0.0,ridge,histogram_gradient_boosting,Cambio inferior a la banda mínima; se evita rotación innecesaria.
2021-06-04,0.009368551332656168,-0.013539776304698374,0.0837814141050482,2.876500670323523e-06,0.95,0.9523414187079964,0.95,0.009365674831985844,0.0,0.0,ridge,histogram_gradient_boosting,Cambio inferior a la banda mínima; se evita rotación innecesaria.
2021-06-11,0.008439082987099958,0.0008951408134334404,0.07103933528639458,3.451749955418748e-06,0.95,0.9521089078092861,0.95,0.008435631237144539,0.0,0.0,ridge,histogram_gradient_boosting,Cambio inferior a la banda mínima; se evita rotación innecesaria.
2021-06-18,0.005965114353281108,-0.009678086306048972,0.11508449172005791,5.36912595272554e-06,0.95,0.9514899363068321,0.95,0.0059597452273283825,0.0,0.0,ridge,histogram_gradient_boosting,Cambio inferior a la banda mínima; se evita rotación innecesaria.
2021-06-25,0.0019880584693759496,-0.01048426866489874,0.0968643728805187,8.244837105930714e-06,0.95,0.9504949534080674,0.95,0.001979813632270019,0.0,0.0,ridge,histogram_gradient_boosting,Cambio inferior a la banda mínima; se evita rotación innecesaria.
2021-07-02,-0.0015204179703932953,-0.010212144916794019,0.14063610346456704,7.2863132372091854e-06,0.95,0.9496180739290924,0.95,-0.0015277042836305045,0.0,0.0,ridge,histogram_gradient_boosting,Cambio inferior a la banda mínima; se evita rotación innecesaria.
2021-07-09,-0.0037682814612323245,-0.011033151537823924,0.13066214131433898,8.244837105930714e-06,0.95,0.9490558684254153,0.95,-0.0037765262983382552,0.0,0.0,ridge,histogram_gradient_boosting,Cambio inferior a la banda mínima; se evita rotación innecesaria.
2021-07-16,-0.002792643939159753,-0.023893912669157805,0.09919879514768651,7.2863132372091854e-06,0.95,0.9493000174369007,0.95,-0.0027999302523969622,0.0,0.0,ridge,histogram_gradient_boosting,Cambio inferior a la banda mínima; se evita rotación innecesaria.
2021-07-23,-0.010259798961610592,-0.021791523834923412,0.15073591862913638,8.62823335290308e-06,0.95,0.9474328932012591,0.95,-0.010268427194963495,0.0,0.0,ridge,histogram_gradient_boosting,Cambio inferior a la banda mínima; se evita rotación innecesaria.
2021-07-30,-0.0034952142004012403,-0.034898148398401545,0.13604009591185504,7.669728279591226e-06,0.95,0.9466497419182293,0.95,-0.0035028839286808315,0.009898148398401543,0.0,ridge,histogram_gradient_boosting,Cambio inferior a la banda mínima; se evita rotación innecesaria.
2021-08-06,-0.0008391213866582709,-0.010906629374534065,0.10452081899453522,8.244837105930714e-06,0.95,0.949788158444059,0.95,-0.0008473662237642016,0.0,0.0,ridge,histogram_gradient_boosting,Cambio inferior a la banda mínima; se evita rotación innecesaria.
2021-08-13,0.002704110571396441,-0.009570886558918733,0.11466329676131035,8.62823335290308e-06,0.95,0.9506738705845108,0.95,0.002695482338043538,0.0,0.0,ridge,histogram_gradient_boosting,Cambio inferior a la banda mínima; se evita rotación innecesaria.
2021-08-20,-0.0011384245936257634,-0.013642535029952647,0.10858047743462834,8.244837105930714e-06,0.95,0.949713332642317,0.95,-0.0011466694307316941,0.0,0.0,ridge,histogram_gradient_boosting,Cambio inferior a la banda mínima; se evita rotación innecesaria.
2021-08-27,0.0003216520763073467,-0.011093571093239583,0.13333666928250082,8.244837105930714e-06,0.95,0.9500783518098003,0.95,0.000313407239201416,0.0,0.0,ridge,histogram_gradient_boosting,Cambio inferior a la banda mínima; se evita rotación innecesaria.
2021-09-03,0.0002081277382772564,-0.011652645274460346,0.13066214131433898,7.669728279591226e-06,0.95,0.9500501145024993,0.95,0.00020045800999766517,0.0,0.0,ridge,histogram_gradient_boosting,Cambio inferior a la banda mínima; se evita rotación innecesaria.
2021-09-10,0.001453918328937417,-0.008152218370911946,0.05256004456445797,7.2863132372091854e-06,0.95,0.950361658003925,0.95,0.0014466320157002078,0.0,0.0,ridge,histogram_gradient_boosting,Cambio inferior a la banda mínima; se evita rotación innecesaria.
2021-09-17,0.010308487011262765,-0.011214852030951485,0.09545234372888119,5.36912595272554e-06,0.95,0.9525757794713274,0.95,0.01030311788531004,0.0,0.0,ridge,histogram_gradient_boosting,Cambio inferior a la banda mínima; se evita rotación innecesaria.
2021-09-24,0.007350858022780486,-0.015134546899225096,0.1096129013578268,4.793932894653352e-06,0.95,0.9518365160224714,0.95,0.0073460640898858325,0.0,0.0,ridge,histogram_gradient_boosting,Cambio inferior a la banda mínima; se evita rotación innecesaria.
2021-10-01,0.009850581865091617,-0.009800504889306604,0.0951220600949758,5.36912595272554e-06,0.95,0.9524613031847847,0.95,0.009845212739138891,0.0,0.0,ridge,histogram_gradient_boosting,Cambio inferior a la banda mínima; se evita rotación innecesaria.
2021-10-08,0.010570306370599808,-0.021472659840406142,0.09029810967901818,7.669728279591226e-06,0.95,0.95264065916058,0.95,0.010562636642320216,0.0,0.0,ridge,histogram_gradient_boosting,Cambio inferior a la banda mínima; se evita rotación innecesaria.
2021-10-15,0.006434012450311086,-0.013403662330264481,0.10236005883184528,7.2863132372091854e-06,0.95,0.9516066815342684,0.95,0.006426726137073877,0.0,0.0,ridge,histogram_gradient_boosting,Cambio inferior a la banda mínima; se evita rotación innecesaria.
2021-10-22,0.004734856386756195,-0.011790392908585093,0.0837814141050482,9.58669072970153e-06,0.95,0.9511813174240066,0.95,0.004725269696026493,0.0,0.0,ridge,histogram_gradient_boosting,Cambio inferior a la banda mínima; se evita rotación innecesaria.
2021-10-29,-0.001641584656513036,-0.007485392208653584,0.09818574940361842,9.203313273697944e-06,0.95,0.9495873030075532,0.95,-0.001650787969786734,0.0,0.0,ridge,histogram_gradient_boosting,Cambio inferior a la banda mínima; se evita rotación innecesaria.
2021-11-05,-0.004638016727862217,-0.007703329080740533,0.13333666928250082,7.669728279591226e-06,0.95,0.9488385783859645,0.95,-0.004645686456141808,0.0,0.0,ridge,histogram_gradient_boosting,Cambio inferior a la banda mínima; se evita rotación innecesaria.
2021-11-12,0.0018393188698295117,-0.005245924960076174,0.13604009591185504,8.244837105930714e-06,0.95,0.9504577685081809,0.95,0.001831074032723581,0.0,0.0,ridge,histogram_gradient_boosting,Cambio inferior a la banda mínima; se evita rotación innecesaria.
2021-11-19,-0.0050846867126239596,-0.012943217458373107,0.13333666928250082,8.62823335290308e-06,0.95,0.9487266712635057,0.95,-0.005093314945976863,0.0,0.0,ridge,histogram_gradient_boosting,Cambio inferior a la banda mínima; se evita rotación innecesaria.
2021-11-26,-0.0034900692796142794,-0.017378625008909777,0.12079622312374007,8.244837105930714e-06,0.95,0.9491254214708199,0.95,-0.00349831411672021,0.0,0.0,ridge,histogram_gradient_boosting,Cambio inferior a la banda mínima; se evita rotación innecesaria.
2021-12-03,-0.01003211872521435,-0.022923454167273205,0.08727819895713246,8.244837105930714e-06,0.95,0.9474899091094199,0.95,-0.01004036356232028,0.0,0.0,ridge,histogram_gradient_boosting,Cambio inferior a la banda mínima; se evita rotación innecesaria.
2021-12-10,-0.0069004601196693376,-0.027246074129630288,0.10300746278535636,9.58669072970153e-06,0.95,0.9477109697649926,0.95,-0.006910046810399039,0.0022460741296302864,0.0,ridge,histogram_gradient_boosting,Cambio inferior a la banda mínima; se evita rotación innecesaria.
2021-12-17,0.003969562519774553,-0.012801988924535303,0.10576981030979452,5.752578234430317e-06,0.95,0.950990952485385,0.95,0.003963809941540122,0.0,0.0,ridge,histogram_gradient_boosting,Cambio inferior a la banda mínima; se evita rotación innecesaria.
2021-12-23,0.0012454019966679228,-0.015751101823045253,0.08935488358941049,9.53152786320466e-06,0.95,0.9503089676172012,0.95,0.0012358704688047182,0.0,0.0,ridge,histogram_gradient_boosting,Cambio inferior a la banda mínima; se evita rotación innecesaria.
2021-12-31,0.009088758391143866,-0.007964464064786948,0.09243937220294328,7.231709660215912e-06,0.95,0.9522703816703708,0.95,0.00908152668148365,0.0,0.0,ridge,histogram_gradient_boosting,Cambio inferior a la banda mínima; se evita rotación innecesaria.
2022-01-07,0.015903431119478124,-0.013774237888480268,0.10017673571510571,1.6869433125288325e-05,0.95,0.9539716404215882,0.95,0.015886561686352836,0.0,0.0,ridge,logistic,Cambio inferior a la banda mínima; se evita rotación innecesaria.
2022-01-14,0.00937588660121215,-0.015696326361321872,0.11122957982359297,2.26170515980062e-05,0.95,0.9523383173874035,0.95,0.009353269549614143,0.0,0.0,ridge,logistic,Cambio inferior a la banda mínima; se evita rotación innecesaria.
2022-01-21,0.014528297448171898,-0.02931238893660599,0.1361638531151603,3.0277916725163223e-05,0.95,0.9525464076487101,0.95,0.014498019531446735,0.0043123889366059875,0.0,ridge,logistic,Cambio inferior a la banda mínima; se evita rotación innecesaria.
2022-01-28,0.005003969201014379,-0.027968756535607264,0.16310800443756152,3.314996430869854e-05,0.95,0.9505005156752746,0.95,0.004970819236705681,0.002968756535607263,0.0,ridge,logistic,Cambio inferior a la banda mínima; se evita rotación innecesaria.
2022-02-04,0.007783887727060513,-0.04174277908510501,0.15608385728529636,4.272042214514826e-05,0.95,0.9477495970549525,0.95,0.007741167304915365,0.016742779085105006,0.0,ridge,logistic,Cambio inferior a la banda mínima; se evita rotación innecesaria.
2022-02-11,0.016376310444662954,-0.032290268053635364,0.13783424962287058,6.471470880842212e-05,0.95,0.9522553319205547,0.95,0.016311595735854532,0.0072902680536353626,0.0,ridge,logistic,Cambio inferior a la banda mínima; se evita rotación innecesaria.
2022-02-18,0.020203788787799506,-0.014619645714043096,0.11501806659201437,6.089138989762155e-05,0.95,0.9550357243494755,0.95,0.020142897397901885,0.0,0.0,ridge,logistic,Cambio inferior a la banda mínima; se evita rotación innecesaria.
2022-02-25,0.017994443186371546,-0.016572971323376977,0.12339662788710073,5.706732899057876e-05,0.95,0.9544843439643452,0.95,0.017937375857380967,0.0,0.0,ridge,logistic,Cambio inferior a la banda mínima; se evita rotación innecesaria.
2022-03-04,0.016735095243233723,-0.011929168796919616,0.13191181336073687,5.8405836515396103e-05,0.95,0.9541691723516795,0.95,0.016676689406718327,0.0,0.0,ridge,logistic,Cambio inferior a la banda mínima; se evita rotación innecesaria.
2022-03-11,0.021660188360983004,-0.011881004273294632,0.1484172405675022,6.987500297661597e-05,0.95,0.9553975783395016,0.95,0.02159031335800639,0.0,0.0,ridge,logistic,Cambio inferior a la banda mínima; se evita rotación innecesaria.
2022-03-18,0.005983816234443127,-0.012995383633311739,0.12420094129869305,7.33144370101968e-05,0.95,0.9514776254493582,0.95,0.00591050179743293,0.0,0.0,ridge,logistic,Cambio inferior a la banda mínima; se evita rotación innecesaria.
2022-03-25,0.011606962551889425,-0.010881551512358296,0.11484305345122015,9.94725785283812e-05,0.95,0.9528768724933402,0.95,0.011507489973361044,0.0,0.0,ridge,logistic,Cambio inferior a la banda mínima; se evita rotación innecesaria.
2022-04-01,0.016193750058079704,-0.008364271047123638,0.096807150149105,9.565605578187864e-05,0.95,0.9540245235005744,0.95,0.016098094002297825,0.0,0.0,ridge,logistic,Cambio inferior a la banda mínima; se evita rotación innecesaria.
2022-04-08,0.01795994879313805,-0.00991370434742841,0.09810160594589402,0.0001276917476642,0.95,0.9544580642613684,0.95,0.01783225704547385,0.0,0.0,ridge,logistic,Cambio inferior a la banda mínima; se evita rotación innecesaria.
2022-04-14,0.02191823059337432,-0.012878397550516545,0.10968933697592298,0.0001225088260146,0.95,0.9554489304418399,0.95,0.021795721767359718,0.0,0.0,ridge,logistic,Cambio inferior a la banda mínima; se evita rotación innecesaria.
2022-04-22,0.019148463152713457,-0.029586961731617862,0.12915707862637943,0.0001703101061703,0.95,0.9535977978287313,0.95,0.018978153046543156,0.0045869617316178606,0.0,ridge,logistic,Cambio inferior a la banda mínima; se evita rotación innecesaria.
2022-04-29,0.020479905511282682,-0.016143594374160655,0.13361011873536727,0.0001543481378696,0.95,0.9550813893433532,0.95,0.020325557373413083,0.0,0.0,ridge,logistic,Cambio inferior a la banda mínima; se evita rotación innecesaria.
2022-05-06,0.020822709803513653,-0.00582424335676713,0.1471234257054801,0.000155679997827,0.95,0.9551667574514217,0.95,0.020667029805686653,0.0,0.0,ridge,logistic,Cambio inferior a la banda mínima; se evita rotación innecesaria.
2022-05-13,0.023617124703236257,-0.006436171598596485,0.15192281086806697,0.0001800181384414,0.95,0.9558592766411986,0.95,0.023437106564794856,0.0,0.0,ridge,logistic,Cambio inferior a la banda mínima; se evita rotación innecesaria.
2022-05-20,0.03259515141370207,-0.0036945956056983714,0.14349596434221704,0.0001866678213275,0.95,0.9581021208980935,0.95,0.03240848359237457,0.0,0.0,ridge,logistic,Cambio inferior a la banda mínima; se evita rotación innecesaria.
2022-05-27,0.014233512079140444,-0.01033322243550917,0.11860049755282254,0.0001955938470326,0.95,0.9535094795580269,0.95,0.014037918232107845,0.0,0.0,ridge,logistic,Cambio inferior a la banda mínima; se evita rotación innecesaria.
2022-06-03,0.020200830868906026,-0.012829074737764602,0.1183034998945141,0.0002164686409105,0.95,0.9549960905569989,0.95,0.019984362227995527,0.0,0.0,ridge,logistic,Cambio inferior a la banda mínima; se evita rotación innecesaria.
2022-06-10,0.03192721291172956,-0.013001448438993066,0.11523026726078334,0.0002454665788462,0.95,0.9579204365832208,0.95,0.03168174633288336,0.0,0.0,ridge,logistic,Cambio inferior a la banda mínima; se evita rotación innecesaria.
2022-06-17,0.03346375765376423,-0.03885670173269848,0.1253843293027662,0.0002874657158316,0.95,0.9548298975513085,0.95,0.033176291937932624,0.013856701732698477,0.0,ridge,logistic,Cambio inferior a la banda mínima; se evita rotación innecesaria.
2022-06-24,0.014931148173656955,-0.017181245858223646,0.11040158099965061,0.0003040891048418,0.95,0.9536567647672037,0.95,0.014627059068815155,0.0,0.0,ridge,logistic,Cambio inferior a la banda mínima; se evita rotación innecesaria.
2022-07-01,0.031724840189481386,-0.0069043002086512486,0.11505079264662288,0.0003050331899985,0.95,0.9578549517498707,0.95,0.03141980699948289,0.0,0.0,ridge,logistic,Cambio inferior a la banda mínima; se evita rotación innecesaria.
2022-07-08,0.019050728286065476,-0.030137442254054868,0.09540474276245696,0.0003502958168983,0.95,0.9533907475537781,0.95,0.018700432469167177,0.005137442254054866,0.0,ridge,logistic,Cambio inferior a la banda mínima; se evita rotación innecesaria.
2022-07-15,0.020101742810239992,-0.011791500566399453,0.10579618162560836,0.0004249385707999,0.95,0.95491920105986,0.95,0.019676804239440092,0.0,0.0,ridge,logistic,Cambio inferior a la banda mínima; se evita rotación innecesaria.
2022-07-22,0.010655101996965049,-0.00788628237093712,0.11066861070619219,0.000446507434606,0.95,0.9525521486405897,0.95,0.01020859456235905,0.0,0.0,ridge,logistic,Cambio inferior a la banda mínima; se evita rotación innecesaria.
2022-07-29,0.004524155566112233,-0.007667389464990207,0.11324663011100004,0.0004358197684548,0.95,0.9510220839494143,0.95,0.0040883357976574325,0.0,0.0,ridge,logistic,Cambio inferior a la banda mínima; se evita rotación innecesaria.
2022-08-05,0.0075546507754385836,-0.01194314165512126,0.10682544653021404,0.0004568145890102,0.95,0.9517744590466071,0.95,0.007097836186428384,0.0,0.0,ridge,logistic,Cambio inferior a la banda mínima; se evita rotación innecesaria.
2022-08-12,0.0038906851491650974,-0.014651166465237104,0.10599744957081828,0.0004736690995834,0.95,0.9508542540123954,0.95,0.0034170160495816974,0.0,0.0,ridge,logistic,Cambio inferior a la banda mínima; se evita rotación innecesaria.
2022-08-19,0.01351260897094915,-0.028802956978000418,0.09657431622772546,0.0004886387055778,0.95,0.9523052533218427,0.95,0.01302397026537135,0.0038029569780004165,0.0,ridge,logistic,Cambio inferior a la banda mínima; se evita rotación innecesaria.
2022-08-26,0.020909456548877818,-0.012728809176307405,0.09972918246767572,0.0005213449046268,0.95,0.9550970279110627,0.95,0.020388111644251018,0.0,0.0,ridge,logistic,Cambio inferior a la banda mínima; se evita rotación innecesaria.
2022-09-02,0.022745060784325,-0.02749617092590368,0.10728151925364014,0.0005334789614488,0.95,0.9549288527242431,0.95,0.0222115818228762,0.002496170925903679,0.0,ridge,logistic,Cambio inferior a la banda mínima; se evita rotación innecesaria.
2022-09-09,0.013084640444080364,-0.024931997898014514,0.10835943170431801,0.0005610793080708,0.95,0.9531308902840023,0.95,0.012523561136009564,0.0,0.0,ridge,logistic,Cambio inferior a la banda mínima; se evita rotación innecesaria.
2022-09-16,0.029743810277379774,-0.014188516599421972,0.10381079873282942,0.0005800785281597,0.95,0.9572909329373049,0.95,0.029163731749220073,0.0,0.0,ridge,logistic,Cambio inferior a la banda mínima; se evita rotación innecesaria.
2022-09-23,0.03161713789989668,-0.06271424402459592,0.10745315498722538,0.0005871519744125,0.95,0.948328935475222,0.95,0.031029985925484182,0.03771424402459592,0.0,ridge,logistic,Cambio inferior a la banda mínima; se evita rotación innecesaria.
2022-09-30,0.030804705142622152,-0.023304189360109133,0.12212251592297144,0.0006005472517549,0.95,0.9575510394727168,0.95,0.03020415789086725,0.0,0.0,ridge,logistic,Cambio inferior a la banda mínima; se evita rotación innecesaria.
2022-10-07,0.02572431429371718,-0.020449654231230054,0.11818231979060237,0.0006215518975238,0.95,0.9562756905990483,0.95,0.02510276239619338,0.0,0.0,ridge,logistic,Cambio inferior a la banda mínima; se evita rotación innecesaria.
2022-10-14,0.028985296602311313,-0.014762878116050013,0.1399765044891687,0.000683690170077,0.95,0.9570754016080585,0.95,0.02830160643223431,0.0,0.0,ridge,logistic,Cambio inferior a la banda mínima; se evita rotación innecesaria.
2022-10-21,0.015476419332509095,-0.02016632848092316,0.12345781952684161,0.0007312270083172,0.95,0.9536862980810479,0.95,0.014745192324191895,0.0,0.0,ridge,logistic,Cambio inferior a la banda mínima; se evita rotación innecesaria.
2022-10-28,0.013094392358170087,-0.012823168088378864,0.11481001105727771,0.0007469239374602,0.95,0.9530868671051774,0.95,0.012347468420709887,0.0,0.0,ridge,logistic,Cambio inferior a la banda mínima; se evita rotación innecesaria.
2022-11-04,0.027695300534981156,-0.012409940201480176,0.1127622565737487,0.0007548599365083,0.95,0.9567351101496182,0.95,0.026940440598472854,0.0,0.0,ridge,logistic,Cambio inferior a la banda mínima; se evita rotación innecesaria.
2022-11-11,0.0028385889852269924,-0.009320540315968911,0.10191676073097525,0.0007640838359337,0.95,0.9505186262873233,0.95,0.0020745051492932925,0.0,0.0,ridge,logistic,Cambio inferior a la banda mínima; se evita rotación innecesaria.
2022-11-18,0.01703514688212621,-0.011144642281914557,0.0995359037351437,0.0007773585716306,0.95,0.9540644470776238,0.95,0.01625778831049561,0.0,0.0,ridge,logistic,Cambio inferior a la banda mínima; se evita rotación innecesaria.
2022-11-25,0.015415049835543017,-0.008541683755501147,0.08630513715107854,0.0007847295256937,0.95,0.9536575800774623,0.95,0.014630320309849317,0.0,0.0,ridge,logistic,Cambio inferior a la banda mínima; se evita rotación innecesaria.
2022-12-02,0.009535935321958244,-0.012021996388332625,0.07831575204222234,0.0007908084777272,0.95,0.9521862817110577,0.95,0.008745126844231043,0.0,0.0,ridge,logistic,Cambio inferior a la banda mínima; se evita rotación innecesaria.
2022-12-09,0.019890145414675518,-0.019268438475446778,0.09238713227920166,0.0007843609824265,0.95,0.9547764461080622,0.95,0.01910578443224902,0.0,0.0,ridge,logistic,Cambio inferior a la banda mínima; se evita rotación innecesaria.
2022-12-16,0.021028421302124414,-0.01195032026389778,0.1095268787917005,0.0007825185134173,0.95,0.9550614756971767,0.95,0.020245902788707113,0.0,0.0,ridge,logistic,Cambio inferior a la banda mínima; se evita rotación innecesaria.
2022-12-23,0.023353347176747176,-0.012173584321118435,0.10523161435359213,0.0007880454879309,0.95,0.955641325422204,0.95,0.022565301688816274,0.0,0.0,ridge,logistic,Cambio inferior a la banda mínima; se evita rotación innecesaria.
2022-12-30,0.02038040045756356,-0.02701655269535764,0.11449248046333575,0.0008003836124002,0.95,0.9543908660374514,0.95,0.01958001684516336,0.0020165526953576374,0.0,ridge,logistic,Cambio inferior a la banda mínima; se evita rotación innecesaria.
2023-01-06,-0.0005583457877907057,-0.036617788036330756,0.3138799502210388,0.0008432300714449,0.95,0.8189852585840308,0.8189852585840308,-0.0014015758592356058,0.011617788036330755,0.06387995022103882,histogram_gradient_boosting,histogram_gradient_boosting,Exposición continua ajustada por retorno esperado frente al efectivo y por el cuantil bajista previsto.
2023-01-13,0.0038207045571315985,-0.01685789853519261,0.3138799502210388,0.0008423115820004,0.8189852585840308,0.8229846978017051,0.8189852585840308,0.0029783929751311987,0.0,0.06387995022103882,histogram_gradient_boosting,histogram_gradient_boosting,Cambio inferior a la banda mínima; se evita rotación innecesaria.
2023-01-20,0.006507113155187665,-0.018983121475802785,0.34339749717215545,0.0008514943620152,0.8189852585840308,0.7646189103539822,0.8189852585840308,0.005655618793172465,0.0,0.09339749717215545,histogram_gradient_boosting,histogram_gradient_boosting,Cambio inferior a la banda mínima; se evita rotación innecesaria.
2023-01-27,-0.002266813699436185,-0.014559113955748665,0.3607410229208058,0.0008533303485374,0.8189852585840308,0.727737918146395,0.8189852585840308,-0.003120144047973585,0.0,0.11074102292080579,histogram_gradient_boosting,histogram_gradient_boosting,Cambio inferior a la banda mínima; se evita rotación innecesaria.
2023-02-03,0.002235476258967106,-0.017164966925785043,0.3138799502210388,0.000848739927876,0.8189852585840308,0.8225867836406952,0.8189852585840308,0.001386736331091106,0.0,0.06387995022103882,histogram_gradient_boosting,histogram_gradient_boosting,Cambio inferior a la banda mínima; se evita rotación innecesaria.
2023-02-10,-0.00021225649727968146,-0.035335154122120266,0.33019951872217873,0.0008692966311174,0.8189852585840308,0.7867467857430132,0.8189852585840308,-0.0010815531283970815,0.010335154122120264,0.08019951872217873,histogram_gradient_boosting,histogram_gradient_boosting,Cambio inferior a la banda mínima; se evita rotación innecesaria.
2023-02-17,0.00659844627053026,-0.03379608469122703,0.33019951872217873,0.0008775498360915,0.8189852585840308,0.7888321654914454,0.8189852585840308,0.00572089643443876,0.00879608469122703,0.08019951872217873,histogram_gradient_boosting,histogram_gradient_boosting,Cambio inferior a la banda mínima; se evita rotación innecesaria.
2023-02-24,-0.007590564516913052,-0.04274996221164956,0.33019951872217873,0.0008817668787266,0.8189852585840308,0.7830453891538202,0.8189852585840308,-0.00847233139563965,0.01774996221164956,0.08019951872217873,histogram_gradient_boosting,histogram_gradient_boosting,Cambio inferior a la banda mínima; se evita rotación innecesaria.
2023-03-03,-0.002465142958855022,-0.034604737670980386,0.36466372540176273,0.0008845165812407,0.8189852585840308,0.7174339498937055,0.7174339498937055,-0.003349659540095722,0.009604737670980384,0.11466372540176273,histogram_gradient_boosting,histogram_gradient_boosting,Exposición continua ajustada por retorno esperado frente al efectivo y por el cuantil bajista previsto.
2023-03-10,0.006850355056149605,-0.01938746230313279,0.2127430218150195,0.0009000910810397,0.7174339498937055,0.9514875659937775,0.9514875659937775,0.005950263975109905,0.0,0.0,histogram_gradient_boosting,histogram_gradient_boosting,Exposición continua ajustada por retorno esperado frente al efectivo y por el cuantil bajista previsto.
2023-03-17,-7.750026240212676e-05,-0.017292219942078517,0.36466372540176273,0.0008064577042237,0.9514875659937775,0.720451559704818,0.720451559704818,-0.0008839579666258268,0.0,0.11466372540176273,histogram_gradient_boosting,histogram_gradient_boosting,Exposición continua ajustada por retorno esperado frente al efectivo y por el cuantil bajista previsto.
2023-03-24,0.009487455489320607,-0.018970356418422443,0.2127430218150195,0.0008450668334349,0.720451559704818,0.9521605971639714,0.9521605971639714,0.008642388655885708,0.0,0.0,histogram_gradient_boosting,histogram_gradient_boosting,Exposición continua ajustada por retorno esperado frente al efectivo y por el cuantil bajista previsto.
2023-03-31,0.004517280152857593,-0.018664160289076963,0.1946802948146756,0.0008601222026578,0.9521605971639714,0.9509142894875499,0.9521605971639714,0.0036571579501997933,0.0,0.0,histogram_gradient_boosting,histogram_gradient_boosting,Cambio inferior a la banda mínima; se evita rotación innecesaria.
2023-04-06,0.0117663009599065,-0.01155639709904084,0.190088693282094,0.0007568523835481,0.9521605971639714,0.9527523621440895,0.9521605971639714,0.0110094485763584,0.0,0.0,histogram_gradient_boosting,histogram_gradient_boosting,Cambio inferior a la banda mínima; se evita rotación innecesaria.
2023-04-14,0.00416703866534683,-0.013121728418511893,0.1569612208658185,0.0010496667123118,0.9521605971639714,0.9507793429882587,0.9521605971639714,0.00311737195303503,0.0,0.0,histogram_gradient_boosting,histogram_gradient_boosting,Cambio inferior a la banda mínima; se evita rotación innecesaria.
2023-04-21,0.003973819033090301,-0.00980687052282898,0.1095293090777696,0.0009269965445217,0.9521605971639714,0.9507617056221421,0.9521605971639714,0.003046822488568601,0.0,0.0,histogram_gradient_boosting,histogram_gradient_boosting,Cambio inferior a la banda mínima; se evita rotación innecesaria.
2023-04-28,0.0016637606491899258,-0.014484245788540984,0.24467016507491923,0.0009220575004471,0.9521605971639714,0.9501854257871857,0.9521605971639714,0.0007417031487428258,0.0,0.0,histogram_gradient_boosting,histogram_gradient_boosting,Cambio inferior a la banda mínima; se evita rotación innecesaria.
2023-05-05,-0.00298000580047477,-0.02433878248970143,0.24272045970439718,0.0009507597589981,0.9521605971639714,0.9490173086101318,0.9521605971639714,-0.00393076555947287,0.0,0.0,histogram_gradient_boosting,histogram_gradient_boosting,Cambio inferior a la banda mínima; se evita rotación innecesaria.
2023-05-12,0.0007063663016543334,-0.015224789195739212,0.20184348971417285,0.0009412579352581,0.9521605971639714,0.949941277091599,0.9521605971639714,-0.00023489163360376655,0.0,0.0,histogram_gradient_boosting,histogram_gradient_boosting,Cambio inferior a la banda mínima; se evita rotación innecesaria.
2023-05-19,-0.0014130027377613442,-0.024956588447649933,0.16903808498412226,0.0009516731729379,0.9521605971639714,0.9494088310223251,0.9521605971639714,-0.0023646759106992444,0.0,0.0,histogram_gradient_boosting,histogram_gradient_boosting,Cambio inferior a la banda mínima; se evita rotación innecesaria.
2023-05-26,-0.01693512638609557,-0.04277121028645402,0.16894678835426408,0.000957152587385,0.9521605971639714,0.9410841276850163,0.9521605971639714,-0.01789227897348057,0.017771210286454016,0.0,histogram_gradient_boosting,histogram_gradient_boosting,Cambio inferior a la banda mínima; se evita rotación innecesaria.
2023-06-02,0.0017999890925802116,-0.02502301766901084,0.184684531149764,0.0009754064629732,0.9521605971639714,0.950200391240149,0.9521605971639714,0.0008245826296070116,2.301766901083996e-05,0.0,histogram_gradient_boosting,histogram_gradient_boosting,Cambio inferior a la banda mínima; se evita rotación innecesaria.
2023-06-09,-0.0030873208324862745,-0.02349472915277534,0.184684531149764,0.0009534997858433,0.9521605971639714,0.9489897948454176,0.9521605971639714,-0.004040820618329575,0.0,0.0,histogram_gradient_boosting,histogram_gradient_boosting,Cambio inferior a la banda mínima; se evita rotación innecesaria.
2023-06-16,0.0020663177183326675,-0.01802523663813233,0.18113102039903178,0.0009480193484951,0.9521605971639714,0.9502795745924594,0.9521605971639714,0.0011182983698375675,0.0,0.0,histogram_gradient_boosting,histogram_gradient_boosting,Cambio inferior a la banda mínima; se evita rotación innecesaria.
2023-06-23,0.006606897410395208,-0.014822175514548473,0.23489042728746673,0.0009613525144103,0.9521605971639714,0.9514113862239962,0.9521605971639714,0.0056455448959849075,0.0,0.0,histogram_gradient_boosting,histogram_gradient_boosting,Cambio inferior a la banda mínima; se evita rotación innecesaria.
2023-06-30,0.003771533344963847,-0.011750116576836313,0.184684531149764,0.000964091058788,0.9521605971639714,0.9507018605715439,0.9521605971639714,0.002807442286175847,0.0,0.0,histogram_gradient_boosting,histogram_gradient_boosting,Cambio inferior a la banda mínima; se evita rotación innecesaria.
2023-07-07,-0.0004678235369354182,-0.01105553132949186,0.15542628152934915,0.0009750414930904,0.9521605971639714,0.9496392837424935,0.9521605971639714,-0.0014428650300258182,0.0,0.0,histogram_gradient_boosting,histogram_gradient_boosting,Cambio inferior a la banda mínima; se evita rotación innecesaria.
2023-07-14,0.0015090029461729887,-0.018491452410459148,0.1434381964298417,0.0009754064629732,0.9521605971639714,0.9501333991207999,0.9521605971639714,0.0005335964831997887,0.0,0.0,histogram_gradient_boosting,histogram_gradient_boosting,Cambio inferior a la banda mínima; se evita rotación innecesaria.
2023-07-21,0.0005538607615287732,-0.016138672436873877,0.18181184520806945,0.0009814264834724,0.9521605971639714,0.949893108569514,0.9521605971639714,-0.0004275657219436268,0.0,0.0,histogram_gradient_boosting,histogram_gradient_boosting,Cambio inferior a la banda mínima; se evita rotación innecesaria.
2023-07-28,0.002416096359434286,-0.008437597823376851,0.15412395465421774,0.0009827032142386,0.9521605971639714,0.9503583482862988,0.9521605971639714,0.001433393145195686,0.0,0.0,histogram_gradient_boosting,histogram_gradient_boosting,Cambio inferior a la banda mínima; se evita rotación innecesaria.
2023-08-04,-0.001838716328968744,-0.023784018132778348,0.1740912364605804,0.0009823383803979,0.9521605971639714,0.9492947363226583,0.9521605971639714,-0.002821054709366644,0.0,0.0,histogram_gradient_boosting,histogram_gradient_boosting,Cambio inferior a la banda mínima; se evita rotación innecesaria.
2023-08-11,-0.009643659025504904,-0.02620496018782784,0.1303040502843216,0.000984526933607,0.9521605971639714,0.947041713463265,0.9521605971639714,-0.010628185959111905,0.001204960187827838,0.0,histogram_gradient_boosting,histogram_gradient_boosting,Cambio inferior a la banda mínima; se evita rotación innecesaria.
2023-08-18,0.0006697688616743008,-0.018576692054286675,0.15367853758314026,0.0009868975756288,0.9521605971639714,0.9499207178215113,0.9521605971639714,-0.0003171287139544993,0.0,0.0,histogram_gradient_boosting,histogram_gradient_boosting,Cambio inferior a la banda mínima; se evita rotación innecesaria.
2023-08-25,-0.00458960788544625,-0.025962812459534777,0.14974978692077245,0.0009936432431065,0.9521605971639714,0.9483634841029781,0.9521605971639714,-0.00558325112855275,0.0009628124595347752,0.0,histogram_gradient_boosting,histogram_gradient_boosting,Cambio inferior a la banda mínima; se evita rotación innecesaria.
2023-09-01,0.0019601843389797542,-0.007253796994790403,0.23489042728746673,0.0009850740771517,0.9521605971639714,0.950243777565457,0.9521605971639714,0.0009751102618280542,0.0,0.0,histogram_gradient_boosting,histogram_gradient_boosting,Cambio inferior a la banda mínima; se evita rotación innecesaria.
2023-09-08,0.0015730690121779892,-0.014634716241108263,0.1740912364605804,0.0009896326352469,0.9521605971639714,0.9501458590942328,0.9521605971639714,0.0005834363769310891,0.0,0.0,histogram_gradient_boosting,histogram_gradient_boosting,Cambio inferior a la banda mínima; se evita rotación innecesaria.
2023-09-15,0.0018122629418334199,-0.013711010302537028,0.13278749553805907,0.0009905441499273,0.9521605971639714,0.9502054296979765,0.9521605971639714,0.0008217187919061198,0.0,0.0,histogram_gradient_boosting,histogram_gradient_boosting,Cambio inferior a la banda mínima; se evita rotación innecesaria.
2023-09-22,0.005474322336321908,-0.017499332097970006,0.13112926387926688,0.0009918202860943,0.9521605971639714,0.9511206255125568,0.9521605971639714,0.004482502050227608,0.0,0.0,histogram_gradient_boosting,histogram_gradient_boosting,Cambio inferior a la banda mínima; se evita rotación innecesaria.
2023-09-29,-0.003161864471971264,-0.017767392860395366,0.1441589407755899,0.0009909088308446,0.9521605971639714,0.948961806674296,0.9521605971639714,-0.004152773302815864,0.0,0.0,histogram_gradient_boosting,histogram_gradient_boosting,Cambio inferior a la banda mínima; se evita rotación innecesaria.
2023-10-06,-0.009076663739114494,-0.02610364477349834,0.14974978692077245,0.0009996576578594,0.9521605971639714,0.947205008457382,0.9521605971639714,-0.010076321396973894,0.0011036447734983391,0.0,histogram_gradient_boosting,histogram_gradient_boosting,Cambio inferior a la banda mínima; se evita rotación innecesaria.
2023-10-13,-0.0087618215274049,-0.01960446192691568,0.1303040502843216,0.0009960127812718,0.9521605971639714,0.9475605414228307,0.9521605971639714,-0.0097578343086767,0.0,0.0,histogram_gradient_boosting,histogram_gradient_boosting,Cambio inferior a la banda mínima; se evita rotación innecesaria.
2023-10-20,0.0028208184593593337,-0.01973824066981748,0.19105781493064436,0.0009909088308446,0.9521605971639714,0.9504574774071286,0.9521605971639714,0.0018299096285147338,0.0,0.0,histogram_gradient_boosting,histogram_gradient_boosting,Cambio inferior a la banda mínima; se evita rotación innecesaria.
2023-10-27,0.0027545348932029186,-0.015096510711395391,0.1946802948146756,0.0009918202860943,0.9521605971639714,0.9504406786517771,0.9521605971639714,0.0017627146071086187,0.0,0.0,histogram_gradient_boosting,histogram_gradient_boosting,Cambio inferior a la banda mínima; se evita rotación innecesaria.
2023-11-03,0.0003708967446901918,-0.010806208505937793,0.12115018952467171,0.0009823383803979,0.9521605971639714,0.949847139591073,0.9521605971639714,-0.0006114416357077082,0.0,0.0,histogram_gradient_boosting,histogram_gradient_boosting,Cambio inferior a la banda mínima; se evita rotación innecesaria.
2023-11-10,0.002281711273754985,-0.014536475986453868,0.2588873814686851,0.0009817912473411,0.9521605971639714,0.9325502170692332,0.9521605971639714,0.001299920026413885,0.0,0.008887381468685118,histogram_gradient_boosting,histogram_gradient_boosting,Cambio inferior a la banda mínima; se evita rotación innecesaria.
2023-11-17,-0.006158426645609761,-0.01545543489684265,0.14021583779093635,0.0009786902767969,0.9521605971639714,0.9482157207693983,0.9521605971639714,-0.00713711692240666,0.0,0.0,histogram_gradient_boosting,histogram_gradient_boosting,Cambio inferior a la banda mínima; se evita rotación innecesaria.
2023-11-24,0.006504372155051353,-0.00931020490427777,0.13317217275342058,0.0009823383803979,0.9521605971639714,0.9513805084436633,0.9521605971639714,0.005522033774653453,0.0,0.0,histogram_gradient_boosting,histogram_gradient_boosting,Cambio inferior a la banda mínima; se evita rotación innecesaria.
2023-12-01,0.008023557111055391,-0.007796281669535273,0.08507988357132615,0.0009754064629732,0.9521605971639714,0.9517620376620205,0.9521605971639714,0.007048150648082192,0.0,0.0,histogram_gradient_boosting,histogram_gradient_boosting,Cambio inferior a la banda mínima; se evita rotación innecesaria.
2023-12-08,-0.0024176730873160875,-0.016432126905613957,0.14099106450116433,0.0009786902767969,0.9521605971639714,0.9491509091589717,0.9521605971639714,-0.0033963633641129875,0.0,0.0,histogram_gradient_boosting,histogram_gradient_boosting,Cambio inferior a la banda mínima; se evita rotación innecesaria.
2023-12-15,-0.006691975309474014,-0.019009924202784946,0.31017138537115363,0.0009772308623394,0.9521605971639714,0.8277399277147394,0.8277399277147394,-0.007669206171813414,0.0,0.06017138537115363,histogram_gradient_boosting,histogram_gradient_boosting,Exposición continua ajustada por retorno esperado frente al efectivo y por el cuantil bajista previsto.
2023-12-22,-0.0059746372825878235,-0.02146865593153221,0.32094105673939793,0.0009741292561222,0.8277399277147394,0.8063806948865265,0.8277399277147394,-0.006948766538710023,0.0,0.07094105673939793,histogram_gradient_boosting,histogram_gradient_boosting,Cambio inferior a la banda mínima; se evita rotación innecesaria.
2023-12-29,-0.0015910850140214755,-0.019203119735576975,0.13216280602100217,0.0009690195080676,0.8277399277147394,0.9493599738694777,0.9493599738694777,-0.0025601045220890756,0.0,0.0,histogram_gradient_boosting,histogram_gradient_boosting,Exposición continua ajustada por retorno esperado frente al efectivo y por el cuantil bajista previsto.
2024-01-05,0.004243833843013462,-0.015423941795827774,0.14204715477968521,0.0009763186404165,0.9493599738694777,0.9508168788006492,0.9493599738694777,0.0032675152025969617,0.0,0.0,ridge,logistic,Cambio inferior a la banda mínima; se evita rotación innecesaria.
2024-01-12,-0.002758743275705151,-0.014886908543809599,0.13848733094624568,0.0009723044805929,0.9493599738694777,0.9490672380609254,0.9493599738694777,-0.003731047756298051,0.0,0.0,ridge,logistic,Cambio inferior a la banda mínima; se evita rotación innecesaria.
2024-01-19,-0.005102025900180994,-0.018786142262758335,0.142533177850425,0.0009723044805929,0.9493599738694777,0.9484814174048065,0.9493599738694777,-0.0060743303807738935,0.0,0.0,ridge,logistic,Cambio inferior a la banda mínima; se evita rotación innecesaria.
2024-01-26,-0.005645699674478588,-0.02106947567717816,0.14222080748234164,0.0009726694145042,0.9493599738694777,0.9483454077277542,0.9493599738694777,-0.006618369088982788,0.0,0.0,ridge,logistic,Cambio inferior a la banda mínima; se evita rotación innecesaria.
2024-02-02,-0.001997703113724421,-0.014283796337963462,0.14133238600536244,0.0009744941560132,0.9493599738694777,0.9492569506825655,0.9493599738694777,-0.002972197269737621,0.0,0.0,ridge,logistic,Cambio inferior a la banda mínima; se evita rotación innecesaria.
2024-02-09,-0.0023995714511886343,-0.02749664990796536,0.13784172221078744,0.0009763186404165,0.9493599738694777,0.9485318650001073,0.9493599738694777,-0.0033758900916051344,0.0024966499079653592,0.0,ridge,logistic,Cambio inferior a la banda mínima; se evita rotación innecesaria.
2024-02-16,0.0020235401667821193,-0.00890910316557434,0.1437888546906383,0.0009768660134699,0.9493599738694777,0.950261668538328,0.9493599738694777,0.0010466741533122193,0.0,0.0,ridge,logistic,Cambio inferior a la banda mínima; se evita rotación innecesaria.
2024-02-23,-2.6598932605036672e-06,-0.015080663966841809,0.14096843637020331,0.0009799671860561,0.9493599738694777,0.9497543432301708,0.9493599738694777,-0.0009826270793166037,0.0,0.0,ridge,logistic,Cambio inferior a la banda mínima; se evita rotación innecesaria.
2024-03-01,-0.00021940962924101113,-0.019458875304372462,0.14053809278480672,0.0009754064629732,0.9493599738694777,0.9497012959769464,0.9493599738694777,-0.0011948160922142111,0.0,0.0,ridge,logistic,Cambio inferior a la banda mínima; se evita rotación innecesaria.
2024-03-08,0.004864364131746952,-0.017781936619806774,0.14642383136428988,0.000977778209882,0.9493599738694777,0.9509716464804662,0.9493599738694777,0.003886585921864952,0.0,0.0,ridge,logistic,Cambio inferior a la banda mínima; se evita rotación innecesaria.
2024-03-15,0.0034666312381313675,-0.01665753977688992,0.14654395439551224,0.0009796023881916,0.9493599738694777,0.9506217572124849,0.9493599738694777,0.0024870288499397675,0.0,0.0,ridge,logistic,Cambio inferior a la banda mínima; se evita rotación innecesaria.
2024-03-22,0.0011412686711766906,-0.0156399073710037,0.14567480293520174,0.0009763186404165,0.9493599738694777,0.95004123750769,0.9493599738694777,0.0001649500307601906,0.0,0.0,ridge,logistic,Cambio inferior a la banda mínima; se evita rotación innecesaria.
2024-03-28,0.0027398171412514934,-0.011713119275843299,0.13786272626021015,0.000834127938037,0.9493599738694777,0.9504764223008035,0.9493599738694777,0.0019056892032144933,0.0,0.0,ridge,logistic,Cambio inferior a la banda mínima; se evita rotación innecesaria.
2024-04-05,-0.0018104595992057397,-0.016352429052261985,0.14470605799134645,0.0011148278885195,0.9493599738694777,0.9492686781280687,0.9493599738694777,-0.00292528748772524,0.0,0.0,ridge,logistic,Cambio inferior a la banda mínima; se evita rotación innecesaria.
2024-04-12,0.0007141300586598963,-0.01936483891041117,0.14736154243486319,0.0009781430417474,0.9493599738694777,0.9499339967542281,0.9493599738694777,-0.00026401298308750365,0.0,0.0,ridge,logistic,Cambio inferior a la banda mínima; se evita rotación innecesaria.
2024-04-19,0.0034839913566013857,-0.01934699616689002,0.171300292895298,0.0009808792379486,0.9493599738694777,0.9506257780296632,0.9493599738694777,0.0025031121186527856,0.0,0.0,ridge,logistic,Cambio inferior a la banda mínima; se evita rotación innecesaria.
2024-04-26,-0.0034695186289812135,-0.019931323636925423,0.15980473925060895,0.0009796023881916,0.9493599738694777,0.9488877197457067,0.9493599738694777,-0.004449121017172814,0.0,0.0,ridge,logistic,Cambio inferior a la banda mínima; se evita rotación innecesaria.
2024-05-03,0.007254002475725375,-0.015343074627057227,0.15453215398440667,0.000979055178645,0.9493599738694777,0.95156873682427,0.9493599738694777,0.0062749472970803745,0.0,0.0,ridge,logistic,Cambio inferior a la banda mínima; se evita rotación innecesaria.
2024-05-10,0.006232734177827643,-0.013520149960594917,0.14376414525456485,0.0009805144570818,0.9493599738694777,0.9513130549301864,0.9493599738694777,0.005252219720745844,0.0,0.0,ridge,logistic,Cambio inferior a la banda mínima; se evita rotación innecesaria.
2024-05-17,0.006942940189432246,-0.003986002742308704,0.13809612035774727,0.0009799671860561,0.9493599738694777,0.951490743250844,0.9493599738694777,0.005962973003376146,0.0,0.0,ridge,logistic,Cambio inferior a la banda mínima; se evita rotación innecesaria.
2024-05-24,0.00687610793449577,-0.010554439740051054,0.1318745646072682,0.0009808792379486,0.9493599738694777,0.9514738071741368,0.9493599738694777,0.0058952286965471695,0.0,0.0,ridge,logistic,Cambio inferior a la banda mínima; se evita rotación innecesaria.
2024-05-31,0.00544430953643848,-0.007154470754680113,0.14143375694884186,0.0009808792379486,0.9493599738694777,0.9511158575746225,0.9493599738694777,0.0044634302984898795,0.0,0.0,ridge,logistic,Cambio inferior a la banda mínima; se evita rotación innecesaria.
2024-06-07,0.001817844021085829,-0.010275386382944226,0.14088531965936954,0.0009796023881916,0.9493599738694777,0.9502095604082235,0.9493599738694777,0.000838241632894229,0.0,0.0,ridge,logistic,Cambio inferior a la banda mínima; se evita rotación innecesaria.
2024-06-14,0.0012852400401263018,-0.015047503653288998,0.1400407124774094,0.0009799671860561,0.9493599738694777,0.9500763182135175,0.9493599738694777,0.0003052728540702018,0.0,0.0,ridge,logistic,Cambio inferior a la banda mínima; se evita rotación innecesaria.
2024-06-21,0.0017118508666461299,-0.014825592963253916,0.14081014734626335,0.0009754064629732,0.9493599738694777,0.9501841111009182,0.9493599738694777,0.0007364444036729299,0.0,0.0,ridge,logistic,Cambio inferior a la banda mínima; se evita rotación innecesaria.
2024-06-28,0.0029934186276928043,-0.011263783627211742,0.14092078711778833,0.0009750414930904,0.9493599738694777,0.9505045942836505,0.9493599738694777,0.0020183771346024043,0.0,0.0,ridge,logistic,Cambio inferior a la banda mínima; se evita rotación innecesaria.
2024-07-05,-0.0032704718711183936,-0.015606599912620839,0.13892777641001855,0.0009772308623394,0.9493599738694777,0.9489380743166355,0.9493599738694777,-0.0042477027334577935,0.0,0.0,ridge,logistic,Cambio inferior a la banda mínima; se evita rotación innecesaria.
2024-07-12,0.0012315813555400642,-0.01350867664775049,0.14280259330416814,0.0009723044805929,0.9493599738694777,0.9500648192187368,0.9493599738694777,0.0002592768749471642,0.0,0.0,ridge,logistic,Cambio inferior a la banda mínima; se evita rotación innecesaria.
2024-07-19,0.0032029581984017357,-0.01566949749117842,0.15709083842497767,0.0009713920290248,0.9493599738694777,0.9505578915423442,0.9493599738694777,0.0022315661693769356,0.0,0.0,ridge,logistic,Cambio inferior a la banda mínima; se evita rotación innecesaria.
2024-07-26,0.003849018613495174,-0.013931426737128818,0.17213399987866,0.0009644562329256,0.9493599738694777,0.9507211405951423,0.9493599738694777,0.002884562380569574,0.0,0.0,ridge,logistic,Cambio inferior a la banda mínima; se evita rotación innecesaria.
2024-08-02,0.0025899500156689533,-0.027572736354030535,0.19540314347275178,0.000941623535666,0.9493599738694777,0.9497688975314931,0.9493599738694777,0.0016483264800029533,0.002572736354030533,0.0,ridge,logistic,Cambio inferior a la banda mínima; se evita rotación innecesaria.
2024-08-09,0.000602306269648128,-0.02664059362788755,0.20772935996256278,0.0009498463024268,0.9493599738694777,0.9495029665848335,0.9493599738694777,-0.00034754003277867205,0.0016405936278875502,0.0,ridge,logistic,Cambio inferior a la banda mínima; se evita rotación innecesaria.
2024-08-16,0.003907053553897741,-0.01596840352504885,0.18445285984073623,0.0009498463024268,0.9493599738694777,0.9507393018128677,0.9493599738694777,0.0029572072514709408,0.0,0.0,ridge,logistic,Cambio inferior a la banda mínima; se evita rotación innecesaria.
2024-08-23,0.004881764814552603,-0.012947083279494015,0.158403795242625,0.0009361396840736,0.9493599738694777,0.9509864062826197,0.9493599738694777,0.003945625130479003,0.0,0.0,ridge,logistic,Cambio inferior a la banda mínima; se evita rotación innecesaria.
2024-08-30,0.00769975633837066,-0.010648497850469852,0.1565415730978342,0.0009302885773128,0.9493599738694777,0.9516923669402644,0.9493599738694777,0.00676946776105786,0.0,0.0,ridge,logistic,Cambio inferior a la banda mínima; se evita rotación innecesaria.
2024-09-06,0.01181054379596489,-0.016956811785932085,0.17674591676628626,0.0009193130677807,0.9493599738694777,0.952722807682046,0.9493599738694777,0.010891230728184188,0.0,0.0,ridge,logistic,Cambio inferior a la banda mínima; se evita rotación innecesaria.
2024-09-13,-0.001155067415751059,-0.017123375688072543,0.1658067329324081,0.0008927634588571,0.9493599738694777,0.9494880422813479,0.9493599738694777,-0.002047830874608159,0.0,0.0,ridge,logistic,Cambio inferior a la banda mínima; se evita rotación innecesaria.
2024-09-20,0.00399552240760692,-0.01566751902959698,0.1627955824423122,0.0008527795969315,0.9493599738694777,0.9507856857026689,0.9493599738694777,0.00314274281067542,0.0,0.0,ridge,logistic,Cambio inferior a la banda mínima; se evita rotación innecesaria.
2024-09-27,0.0019788754207500955,-0.016688433634438993,0.14908648015284776,0.0008412093552816,0.9493599738694777,0.9502844165163671,0.9493599738694777,0.0011376660654684955,0.0,0.0,ridge,logistic,Cambio inferior a la banda mínima; se evita rotación innecesaria.
2024-10-04,0.0030756057710214016,-0.016067065125321064,0.15006458923084695,0.0008454342352097,0.9493599738694777,0.9505575428839529,0.9493599738694777,0.002230171535811702,0.0,0.0,ridge,logistic,Cambio inferior a la banda mínima; se evita rotación innecesaria.
2024-10-11,-0.004714573889268745,-0.025965447641748105,0.14429679173203427,0.0008472707903435,0.9493599738694777,0.9483681769196599,0.9493599738694777,-0.005561844679612245,0.0009654476417481038,0.0,ridge,logistic,Cambio inferior a la banda mínima; se evita rotación innecesaria.
2024-10-18,-0.002489635695150256,-0.015475616578894886,0.1456378015014404,0.0008469035106186,0.9493599738694777,0.9491658651985577,0.9493599738694777,-0.003336539205768856,0.0,0.0,ridge,logistic,Cambio inferior a la banda mínima; se evita rotación innecesaria.
2024-10-25,-0.0037038633741374332,-0.0270179711134913,0.14385592125071694,0.0008463525781086,0.9493599738694777,0.9483579532335656,0.9493599738694777,-0.004550215952246034,0.0020179711134913,0.0,ridge,logistic,Cambio inferior a la banda mínima; se evita rotación innecesaria.
2024-11-01,0.0008908289601960609,-0.020886868135891915,0.14868877788221085,0.0008261395109414,0.9493599738694777,0.9500161723623136,0.9493599738694777,6.468944925466086e-05,0.0,0.0,ridge,logistic,Cambio inferior a la banda mínima; se evita rotación innecesaria.
2024-11-08,0.0006878314350440094,-0.010833111629283689,0.14265663404061701,0.0008303675575831,0.9493599738694777,0.9499643659693652,0.9493599738694777,-0.0001425361225390906,0.0,0.0,ridge,logistic,Cambio inferior a la banda mínima; se evita rotación innecesaria.
2024-11-15,0.0058690537131526315,-0.01793155760029753,0.15027212302961682,0.000824852525175,0.9493599738694777,0.9512610502969944,0.9493599738694777,0.005044201187977632,0.0,0.0,ridge,logistic,Cambio inferior a la banda mínima; se evita rotación innecesaria.
2024-11-22,0.003420985792097159,-0.011950301459327014,0.14488248881588411,0.0008288970400827,0.9493599738694777,0.9506480221880036,0.9493599738694777,0.002592088752014459,0.0,0.0,ridge,logistic,Cambio inferior a la banda mínima; se evita rotación innecesaria.
2024-11-29,0.005237268142068284,-0.00947884783885138,0.14132417520961715,0.0008211749440087,0.9493599738694777,0.9511040232995148,0.9493599738694777,0.004416093198059584,0.0,0.0,ridge,logistic,Cambio inferior a la banda mínima; se evita rotación innecesaria.
2024-12-06,0.0008109869916363066,-0.014038558067869373,0.13734424227020758,0.0008068257438214,0.9493599738694777,0.9500010403119536,0.9493599738694777,4.161247814906538e-06,0.0,0.0,ridge,logistic,Cambio inferior a la banda mínima; se evita rotación innecesaria.
2024-12-13,0.0011826911917788168,-0.013922492220076816,0.13572348183746513,0.0007926501663968,0.9493599738694777,0.9500975102563455,0.9493599738694777,0.00039004102538201684,0.0,0.0,ridge,logistic,Cambio inferior a la banda mínima; se evita rotación innecesaria.
2024-12-20,0.00306568013881179,-0.01605455553860947,0.15185613788247473,0.0007920977043402,0.9493599738694777,0.9505683956086178,0.9493599738694777,0.0022735824344715903,0.0,0.0,ridge,logistic,Cambio inferior a la banda mínima; se evita rotación innecesaria.
2024-12-27,-0.0036115067871163495,-0.02849201911476275,0.1542758565608434,0.0007852821958069,0.9493599738694777,0.9480277979755785,0.9493599738694777,-0.004396788982923249,0.003492019114762747,0.0,ridge,logistic,Cambio inferior a la banda mínima; se evita rotación innecesaria.
2025-01-03,0.0031460633340097193,-0.020629865117262756,0.16204103424275182,0.0007880454879309,0.9493599738694777,0.9505895044615197,0.9493599738694777,0.0023580178460788194,0.0,0.0,ridge,logistic,Cambio inferior a la banda mínima; se evita rotación innecesaria.
2025-01-10,0.0010080445612550663,-0.030138979173848793,0.1659082480285009,0.0007917292998174,0.9493599738694777,0.9487693340218972,0.9493599738694777,0.00021631526143766635,0.005138979173848791,0.0,ridge,logistic,Cambio inferior a la banda mínima; se evita rotación innecesaria.
2025-01-17,0.0024916465473432585,-0.014788700331013585,0.1598094170061177,0.0007880454879309,0.9493599738694777,0.9504259002648531,0.9493599738694777,0.0017036010594123586,0.0,0.0,ridge,logistic,Cambio inferior a la banda mínima; se evita rotación innecesaria.
2025-01-24,0.002020684739522878,-0.01451746072882058,0.1526443895525656,0.0007902558758452,0.9493599738694777,0.9503076072159193,0.9493599738694777,0.001230428863677678,0.0,0.0,ridge,logistic,Cambio inferior a la banda mínima; se evita rotación innecesaria.
2025-01-31,0.004495272757095811,-0.01683485388155012,0.15700757031359908,0.0007871244924726,0.9493599738694777,0.9509270370661558,0.9493599738694777,0.003708148264623211,0.0,0.0,ridge,logistic,Cambio inferior a la banda mínima; se evita rotación innecesaria.
2025-02-07,0.005608082490674031,-0.01646308111795165,0.15451493767287772,0.000794491769561,0.9493599738694777,0.9512033976802782,0.9493599738694777,0.004813590721113032,0.0,0.0,ridge,logistic,Cambio inferior a la banda mínima; se evita rotación innecesaria.
2025-02-14,0.0011943505769140242,-0.01351115205001462,0.14427145011123638,0.0007917292998174,0.9493599738694777,0.9501006553192741,0.9493599738694777,0.0004026212770966242,0.0,0.0,ridge,logistic,Cambio inferior a la banda mínima; se evita rotación innecesaria.
2025-02-21,0.00465989321970414,-0.017852818377318308,0.14693997153971314,0.0007887823409222,0.9493599738694777,0.9509677777196954,0.9493599738694777,0.00387111087878194,0.0,0.0,ridge,logistic,Cambio inferior a la banda mínima; se evita rotación innecesaria.
2025-02-28,0.007893210424249286,-0.015887999238454083,0.16230238988305287,0.0007880454879309,0.9493599738694777,0.9517762912340796,0.9493599738694777,0.007105164936318386,0.0,0.0,ridge,logistic,Cambio inferior a la banda mínima; se evita rotación innecesaria.
2025-03-07,0.0065163564206212315,-0.016417290844403937,0.1891362078338362,0.0007887823409222,0.9493599738694777,0.9514318935199247,0.9493599738694777,0.005727574079699031,0.0,0.0,ridge,logistic,Cambio inferior a la banda mínima; se evita rotación innecesaria.
2025-03-14,0.010756156998723187,-0.018323591386895797,0.20778256304468623,0.0007871244924726,0.9493599738694777,0.9524922581265626,0.9493599738694777,0.009969032506250588,0.0,0.0,ridge,logistic,Cambio inferior a la banda mínima; se evita rotación innecesaria.
2025-03-21,0.010345727144200827,-0.016962963685148314,0.19483270241160933,0.0007865717865462,0.9493599738694777,0.9523897888394136,0.9493599738694777,0.009559155357654628,0.0,0.0,ridge,logistic,Cambio inferior a la banda mínima; se evita rotación innecesaria.
2025-03-28,0.010947151392608788,-0.010262908993034925,0.18345302998063326,0.0007871244924726,0.9493599738694777,0.952540006725034,0.9493599738694777,0.010160026900136189,0.0,0.0,ridge,logistic,Cambio inferior a la banda mínima; se evita rotación innecesaria.
2025-04-04,0.017731910191151015,-0.035919007789977614,0.22651338260365952,0.000781044395721,0.9493599738694777,0.9515079645013631,0.9493599738694777,0.016950865795430016,0.010919007789977613,0.0,ridge,logistic,Cambio inferior a la banda mínima; se evita rotación innecesaria.
2025-04-11,-0.0012589001800827728,-0.03184361535123356,0.2608721081697548,0.0007917292998174,0.9493599738694777,0.9260322224527069,0.9493599738694777,-0.0020506294799001725,0.00684361535123356,0.010872108169754813,ridge,logistic,Cambio inferior a la banda mínima; se evita rotación innecesaria.
2025-04-17,0.010073126012988553,-0.026940392089919253,0.27848395873448845,0.0006773239558415,0.9493599738694777,0.8948959350228299,0.9493599738694777,0.009395802057147053,0.0019403920899192517,0.028483958734488446,ridge,logistic,Cambio inferior a la banda mínima; se evita rotación innecesaria.
2025-04-25,0.003417742103211901,-0.023033718259906567,0.2374110988997306,0.0009006740985266,0.9493599738694777,0.9506292670011712,0.9493599738694777,0.0025170680046853007,0.0,0.0,ridge,logistic,Cambio inferior a la banda mínima; se evita rotación innecesaria.
2025-05-02,0.0034418267625593276,-0.02416227326020485,0.16686497875704254,0.0007908084777272,0.9493599738694777,0.950662754571208,0.9493599738694777,0.0026510182848321277,0.0,0.0,ridge,logistic,Cambio inferior a la banda mínima; se evita rotación innecesaria.
2025-05-09,0.011118286272790035,-0.007642951201106375,0.1791671897753154,0.0007920977043402,0.9493599738694777,0.9525815471421124,0.9493599738694777,0.010326188568449836,0.0,0.0,ridge,logistic,Cambio inferior a la banda mínima; se evita rotación innecesaria.
2025-05-16,-0.0006332170720203881,-0.010238796848700387,0.15535510179449116,0.0007961489939989,0.9493599738694777,0.9496426584834952,0.9493599738694777,-0.0014293660660192882,0.0,0.0,ridge,logistic,Cambio inferior a la banda mínima; se evita rotación innecesaria.
2025-05-23,0.004352063789051858,-0.025535627747357653,0.1605561151094939,0.0007948600342753,0.9493599738694777,0.9507553940018546,0.9493599738694777,0.003557203754776558,0.0005356277473576518,0.0,ridge,logistic,Cambio inferior a la banda mínima; se evita rotación innecesaria.
2025-05-30,0.003094932862257052,-0.025340515415834167,0.15689947110082866,0.0007952282920584,0.9493599738694777,0.9504897972885911,0.9493599738694777,0.0022997045701986523,0.0003405154158341653,0.0,ridge,logistic,Cambio inferior a la banda mínima; se evita rotación innecesaria.
2025-06-06,0.0007513685982884523,-0.014777653716981577,0.14902370733226314,0.0007952282920584,0.9493599738694777,0.9499890350765575,0.9493599738694777,-4.3859693769947674e-05,0.0,0.0,ridge,logistic,Cambio inferior a la banda mínima; se evita rotación innecesaria.
2025-06-13,8.523433005446423e-05,-0.019847429554520516,0.14949219742551448,0.0007967013416929,0.9493599738694777,0.9498221332470903,0.9493599738694777,-0.0007114670116384358,0.0,0.0,ridge,logistic,Cambio inferior a la banda mínima; se evita rotación innecesaria.
2025-06-20,0.005154878329494026,-0.013946276287508537,0.1467929378648268,0.0007884139618132,0.9493599738694777,0.9510916160919202,0.9493599738694777,0.0043664643676808255,0.0,0.0,ridge,logistic,Cambio inferior a la banda mínima; se evita rotación innecesaria.
2025-06-27,-0.0006013706948725527,-0.015255129074069953,0.14169989530750363,0.0007887823409222,0.9493599738694777,0.9496524617410512,0.9493599738694777,-0.0013901530357947527,0.0,0.0,ridge,logistic,Cambio inferior a la banda mínima; se evita rotación innecesaria.
2025-07-03,-0.002933633415179806,-0.017530940587801913,0.14189429081315907,0.0006828480148919,0.9493599738694777,0.949095879642482,0.9493599738694777,-0.003616481430071706,0.0,0.0,ridge,logistic,Cambio inferior a la banda mínima; se evita rotación innecesaria.
2025-07-11,0.00047108932082461606,-0.013740079096947353,0.13834475468670657,0.0009099362959246,0.9493599738694777,0.949890288256225,0.9493599738694777,-0.00043884697509998394,0.0,0.0,ridge,logistic,Cambio inferior a la banda mínima; se evita rotación innecesaria.
2025-07-18,-0.0007540377467283241,-0.01003164058604942,0.1378271653070043,0.0007948600342753,0.9493599738694777,0.9496127755547491,0.9493599738694777,-0.0015488977810036242,0.0,0.0,ridge,logistic,Cambio inferior a la banda mínima; se evita rotación innecesaria.
2025-07-25,-0.001153415977497253,-0.01538917154444939,0.13581062209665373,0.0007976219743304,0.9493599738694777,0.9495122405120431,0.9493599738694777,-0.0019510379518276528,0.0,0.0,ridge,logistic,Cambio inferior a la banda mínima; se evita rotación innecesaria.
2025-08-01,0.0016859543495123365,-0.012491941735326733,0.14514443012524195,0.0007860191528559,0.9493599738694777,0.9502249837991641,0.9493599738694777,0.0008999351966564365,0.0,0.0,ridge,logistic,Cambio inferior a la banda mínima; se evita rotación innecesaria.
2025-08-08,0.00013421397166653824,-0.011899254427311387,0.14141374766533016,0.0007769898895142,0.9493599738694777,0.949839306020538,0.9493599738694777,-0.0006427759178476618,0.0,0.0,ridge,logistic,Cambio inferior a la banda mínima; se evita rotación innecesaria.
2025-08-15,0.0030147205781749556,-0.012777458762583335,0.14397038404060827,0.0007731189671325,0.9493599738694777,0.9505604004027606,0.9493599738694777,0.0022416016110424555,0.0,0.0,ridge,logistic,Cambio inferior a la banda mínima; se evita rotación innecesaria.
2025-08-22,0.003965012238498877,-0.014437921914796717,0.1422413581114042,0.0007686940677589,0.9493599738694777,0.9507990795426849,0.9493599738694777,0.0031963181707399774,0.0,0.0,ridge,logistic,Cambio inferior a la banda mínima; se evita rotación innecesaria.
2025-08-29,0.003906693016518108,-0.014493178287632788,0.14127769537956456,0.0007603948154939,0.9493599738694777,0.9507865745502561,0.9493599738694777,0.003146298201024208,0.0,0.0,ridge,logistic,Cambio inferior a la banda mínima; se evita rotación innecesaria.
2025-09-05,0.004026589515732429,-0.013466031975508289,0.14424140728424928,0.0007358450749941,0.9493599738694777,0.9508226861101845,0.9493599738694777,0.0032907444407383286,0.0,0.0,ridge,logistic,Cambio inferior a la banda mínima; se evita rotación innecesaria.
2025-09-12,0.001769088217649688,-0.01167314987286738,0.13778778100739725,0.0007391693748051,0.9493599738694777,0.9502574797107111,0.9493599738694777,0.001029918842844588,0.0,0.0,ridge,logistic,Cambio inferior a la banda mínima; se evita rotación innecesaria.
2025-09-19,0.0030409019637909138,-0.010066801059477364,0.13854629684027728,0.0007299337648853,0.9493599738694777,0.9505777420497263,0.9493599738694777,0.002310968198905614,0.0,0.0,ridge,logistic,Cambio inferior a la banda mínima; se evita rotación innecesaria.
2025-09-26,0.004030726494323773,-0.010273366779241249,0.13826529026575424,0.0007266078514789,0.9493599738694777,0.9508260296607112,0.9493599738694777,0.003304118642844873,0.0,0.0,ridge,logistic,Cambio inferior a la banda mínima; se evita rotación innecesaria.
2025-10-03,0.002533180382665574,-0.0116177403546675,0.14023012089194897,0.0007262383000183,0.9493599738694777,0.9504517355206618,0.9493599738694777,0.0018069420826472742,0.0,0.0,ridge,logistic,Cambio inferior a la banda mínima; se evita rotación innecesaria.
2025-10-10,0.0023755984942709445,-0.013608223814698207,0.14813481377398666,0.0007253143027112,0.9493599738694777,0.9504125710478899,0.9493599738694777,0.0016502841915597445,0.0,0.0,ridge,logistic,Cambio inferior a la banda mínima; se evita rotación innecesaria.
2025-10-17,0.0009956361338025511,-0.016760390293897944,0.15084605669461057,0.0007214331432463,0.9493599738694777,0.9500685507476391,0.9493599738694777,0.00027420299055625115,0.0,0.0,ridge,logistic,Cambio inferior a la banda mínima; se evita rotación innecesaria.
2025-10-24,0.003395854946804995,-0.016364437630272878,0.15029564579126095,0.0007086752824876,0.9493599738694777,0.9506717949160793,0.9493599738694777,0.002687179664317395,0.0,0.0,ridge,logistic,Cambio inferior a la banda mínima; se evita rotación innecesaria.
2025-10-31,0.0025916329866291664,-0.016532424454540996,0.1463252364920187,0.0007003504413627,0.9493599738694777,0.9504728206363166,0.9493599738694777,0.0018912825452664663,0.0,0.0,ridge,logistic,Cambio inferior a la banda mínima; se evita rotación innecesaria.
2025-11-07,0.008993488999825765,-0.016929568417478853,0.15502783518713759,0.0007075655024109,0.9493599738694777,0.9520714808743537,0.9493599738694777,0.008285923497414865,0.0,0.0,ridge,logistic,Cambio inferior a la banda mínima; se evita rotación innecesaria.
2025-11-14,0.004419041693717079,-0.013602039217912535,0.1602920635131727,0.0007132986740518,0.9493599738694777,0.9509264357549163,0.9493599738694777,0.003705743019665279,0.0,0.0,ridge,logistic,Cambio inferior a la banda mínima; se evita rotación innecesaria.
2025-11-21,0.00502835785180587,-0.011592737207249104,0.18356157490681752,0.0007044208130657,0.9493599738694777,0.951080984259685,0.9493599738694777,0.004323937038740171,0.0,0.0,ridge,logistic,Cambio inferior a la banda mínima; se evita rotación innecesaria.
2025-11-28,0.0004210553768490559,-0.015097965842999392,0.16723712579831418,0.000696464326598,0.9493599738694777,0.9499311477625627,0.9493599738694777,-0.0002754089497489441,0.0,0.0,ridge,logistic,Cambio inferior a la banda mínima; se evita rotación innecesaria.
2025-12-05,0.006424840510221231,-0.01342355973581126,0.1572186163142224,0.0006790597762267,0.9493599738694777,0.9514364451834986,0.9493599738694777,0.005745780733994531,0.0,0.0,ridge,logistic,Cambio inferior a la banda mínima; se evita rotación innecesaria.
2025-12-12,0.008676597449962659,-0.014234779326296096,0.15068707059712727,0.0006646059871469,0.9493599738694777,0.9520029978657039,0.9493599738694777,0.00801199146281576,0.0,0.0,ridge,logistic,Cambio inferior a la banda mínima; se evita rotación innecesaria.
2025-12-19,0.008918401690942587,-0.010771812933067537,0.1503690549317103,0.0006640498537981,0.9493599738694777,0.952063587959286,0.9493599738694777,0.008254351837144487,0.0,0.0,ridge,logistic,Cambio inferior a la banda mínima; se evita rotación innecesaria.
2025-12-26,0.003984376768728516,-0.021308697269176693,0.14661152583685433,0.0006679424111453,0.9493599738694777,0.9508291085893957,0.9493599738694777,0.003316434357583216,0.0,0.0,ridge,logistic,Cambio inferior a la banda mínima; se evita rotación innecesaria.
2026-01-02,0.006615052969789939,-0.013557070437722054,0.12075343921944562,0.0006660889026746,0.9493599738694777,0.9514872410167788,0.9493599738694777,0.005948964067115339,0.0,0.0,ridge,histogram_gradient_boosting,Cambio inferior a la banda mínima; se evita rotación innecesaria.
2026-01-09,0.001501714929140026,-0.015931896797473095,0.13252813710916678,0.0006623813589008,0.9493599738694777,0.9502098333925597,0.9493599738694777,0.0008393335702392259,0.0,0.0,ridge,histogram_gradient_boosting,Cambio inferior a la banda mínima; se evita rotación innecesaria.
2026-01-16,0.009231242853720515,-0.006529560536994538,0.1456288348720133,0.0006705370192201,0.9493599738694777,0.952140176458625,0.9493599738694777,0.008560705834500415,0.0,0.0,ridge,histogram_gradient_boosting,Cambio inferior a la banda mínima; se evita rotación innecesaria.
2026-01-23,0.006451751028888666,-0.014841500170477345,0.19689797150964364,0.0006751694301936,0.9493599738694777,0.9514441453996737,0.9493599738694777,0.005776581598695066,0.0,0.0,ridge,histogram_gradient_boosting,Cambio inferior a la banda mínima; se evita rotación innecesaria.
2026-01-30,0.005947089708958846,-0.018823845891024482,0.1789722641909432,0.0006733166062469,0.9493599738694777,0.9513184432756779,0.9493599738694777,0.0052737731027119455,0.0,0.0,ridge,histogram_gradient_boosting,Cambio inferior a la banda mínima; se evita rotación innecesaria.
2026-02-06,0.006622596936210928,-0.013130470225108897,0.17285776597944094,0.0006766515453673,0.9493599738694777,0.9514864863477108,0.9493599738694777,0.005945945390843628,0.0,0.0,ridge,histogram_gradient_boosting,Cambio inferior a la banda mínima; se evita rotación innecesaria.
2026-02-13,0.006317725200188844,-0.011901492952365337,0.15360291625266845,0.0006772073206557,0.9493599738694777,0.9514101294698832,0.9493599738694777,0.0056405178795331445,0.0,0.0,ridge,histogram_gradient_boosting,Cambio inferior a la banda mínima; se evita rotación innecesaria.
2026-02-20,0.0029467607516499472,-0.016129678186532662,0.18099335096954144,0.0006775778434675,0.9493599738694777,0.9505672957270456,0.9493599738694777,0.0022691829081824474,0.0,0.0,ridge,histogram_gradient_boosting,Cambio inferior a la banda mínima; se evita rotación innecesaria.
2026-02-27,0.005050081771405833,-0.017386817971862516,0.17285776597944094,0.0006744283305044,0.9493599738694777,0.9510939133602253,0.9493599738694777,0.004375653440901433,0.0,0.0,ridge,histogram_gradient_boosting,Cambio inferior a la banda mínima; se evita rotación innecesaria.
2026-03-06,0.005595326967153728,-0.01534952732168861,0.18035894750611944,0.0006729460027319,0.9493599738694777,0.9512305952411054,0.9493599738694777,0.004922380964421828,0.0,0.0,ridge,histogram_gradient_boosting,Cambio inferior a la banda mínima; se evita rotación innecesaria.
2026-03-13,0.004345086149419549,-0.024779837944176552,0.1562352464535813,0.0006790597762267,0.9493599738694777,0.9509165065932982,0.9493599738694777,0.003666026373192849,0.0,0.0,ridge,histogram_gradient_boosting,Cambio inferior a la banda mínima; se evita rotación innecesaria.
2026-03-20,0.004997951390279762,-0.017331591032469826,0.19771692801136528,0.0006818381528603,0.9493599738694777,0.9510790283093549,0.9493599738694777,0.0043161132374194625,0.0,0.0,ridge,histogram_gradient_boosting,Cambio inferior a la banda mínima; se evita rotación innecesaria.
2026-03-27,0.004926339901267637,-0.023180484411286825,0.1701974752695251,0.0006798007446795,0.9493599738694777,0.951061634789147,0.9493599738694777,0.004246539156588137,0.0,0.0,ridge,histogram_gradient_boosting,Cambio inferior a la banda mínima; se evita rotación innecesaria.
2026-04-02,0.006746389581902924,-0.016361211526015308,0.20298765999998652,0.0005826580662915,0.9493599738694777,0.9515409328789028,0.9493599738694777,0.006163731515611424,0.0,0.0,ridge,histogram_gradient_boosting,Cambio inferior a la banda mínima; se evita rotación innecesaria.
2026-04-10,0.007430238059632537,-0.0160990027530283,0.16660725893193265,0.0007739886538962,0.9493599738694777,0.9516640623514341,0.9493599738694777,0.006656249405736337,0.0,0.0,ridge,histogram_gradient_boosting,Cambio inferior a la banda mínima; se evita rotación innecesaria.
2026-04-17,0.001373816490626206,-0.014207061818808731,0.1645779352754814,0.0006785040535541,0.9493599738694777,0.950173828109268,0.9493599738694777,0.0006953124370721061,0.0,0.0,ridge,histogram_gradient_boosting,Cambio inferior a la banda mínima; se evita rotación innecesaria.
2026-04-24,0.00798533806776193,-0.014024461892560318,0.15445889240112604,0.0006772073206557,0.9493599738694777,0.9518270326867765,0.9493599738694777,0.00730813074710623,0.0,0.0,ridge,histogram_gradient_boosting,Cambio inferior a la banda mínima; se evita rotación innecesaria.
2026-05-01,0.005367647930296403,-0.015474011158127535,0.12999192212057553,0.0006738724762713,0.9493599738694777,0.9511734438635062,0.9493599738694777,0.004693775454025103,0.0,0.0,ridge,histogram_gradient_boosting,Cambio inferior a la banda mínima; se evita rotación innecesaria.
2026-05-08,0.00010682998670809383,-0.01738696772761194,0.13653255607792972,0.0006775778434675,0.9493599738694777,0.9498573130358101,0.9493599738694777,-0.0005707478567594062,0.0,0.0,ridge,histogram_gradient_boosting,Cambio inferior a la banda mínima; se evita rotación innecesaria.
2026-05-15,0.0029597599416009562,-0.021071420373954198,0.17732015774137017,0.000676281049184,0.9493599738694777,0.9505708697231042,0.9493599738694777,0.002283478892416956,0.0,0.0,ridge,histogram_gradient_boosting,Cambio inferior a la banda mínima; se evita rotación innecesaria.
2026-05-22,0.0030773777524166273,-0.014778022640394272,0.143343450695049,0.0006757252475821,0.9493599738694777,0.9506004131262086,0.9493599738694777,0.0024016525048345273,0.0,0.0,ridge,histogram_gradient_boosting,Cambio inferior a la banda mínima; se evita rotación innecesaria.
2026-05-29,0.0012496239603178836,-0.010616757079058627,0.13653255607792972,0.000676281049184,0.9493599738694777,0.9501433357277834,0.9493599738694777,0.0005733429111338836,0.0,0.0,ridge,histogram_gradient_boosting,Cambio inferior a la banda mínima; se evita rotación innecesaria.
2026-06-05,0.004442905215207213,-0.015355745751107699,0.1682298610337886,0.0006831345789028,0.9493599738694777,0.9509399426590761,0.9493599738694777,0.0037597706363044128,0.0,0.0,ridge,histogram_gradient_boosting,Cambio inferior a la banda mínima; se evita rotación innecesaria.
2026-06-12,0.0044726497025673545,-0.01841944310231803,0.17700181068220688,0.0006818381528603,0.9493599738694777,0.9509477028874267,0.9493599738694777,0.0037908115497070544,0.0,0.0,ridge,histogram_gradient_boosting,Cambio inferior a la banda mínima; se evita rotación innecesaria.
2026-06-18,0.0067266578441272495,-0.015828399790002327,0.15993941867973266,0.0005907524968278,0.9493599738694777,0.9515339763368248,0.9493599738694777,0.006135905347299449,0.0,0.0,ridge,histogram_gradient_boosting,Cambio inferior a la banda mínima; se evita rotación innecesaria.
2026-06-26,0.011998777802103223,-0.017531642246856334,0.1683733046517415,0.0007888055880718,0.9493599738694777,0.9528024930535078,0.9493599738694777,0.011209972214031423,0.0,0.0,ridge,histogram_gradient_boosting,Cambio inferior a la banda mínima; se evita rotación innecesaria.
2026-07-02,0.003331393121960539,-0.022493705222289488,0.16112291740174856,0.0005923391829669,0.9493599738694777,0.9506847634847484,0.9493599738694777,0.002739053938993639,0.0,0.0,ridge,histogram_gradient_boosting,Cambio inferior a la banda mínima; se evita rotación innecesaria.
2026-07-10,0.005099079140995359,-0.025433168311295294,0.17202414700236637,0.0007955757312996,0.9493599738694777,0.9509675837746001,0.9493599738694777,0.004303503409695759,0.00043316831129529276,0.0,ridge,histogram_gradient_boosting,Cambio inferior a la banda mínima; se evita rotación innecesaria.
2026-07-17,0.006075053794863111,-0.01914283444548434,0.21604153549391214,0.0006983149599999,0.9493599738694777,0.9513441847087157,0.9493599738694777,0.0053767388348632105,0.0,0.0,ridge,histogram_gradient_boosting,Cambio inferior a la banda mínima; se evita rotación innecesaria.
2026-07-24,0.0014747362758766077,-0.02105875553891085,0.21777983991944574,0.000716441937036,0.9493599738694777,0.9501895735847101,0.9493599738694777,0.0007582943388406078,0.0,0.0,ridge,histogram_gradient_boosting,Cambio inferior a la banda mínima; se evita rotación innecesaria.
2026-07-31,0.0018785043282234014,-0.02032321176285395,0.20875172956125282,0.0006936880261998,0.9493599738694777,0.9502962040755059,0.9493599738694777,0.0011848163020236014,0.0,0.0,ridge,histogram_gradient_boosting,Cambio inferior a la banda mínima; se evita rotación innecesaria.
2026-08-07,-0.002370310798586186,-0.014817057571377606,0.17562101251222947,0.0006988701203021,0.9493599738694777,0.9492327047702779,0.9493599738694777,-0.003069180918888286,0.0,0.0,ridge,histogram_gradient_boosting,Cambio inferior a la banda mínima; se evita rotación innecesaria.
2026-08-14,0.0046102150424961845,-0.018074712760432196,0.1724912031948834,0.000696464326598,0.9493599738694777,0.9509784376789745,0.9493599738694777,0.003913750715898184,0.0,0.0,ridge,histogram_gradient_boosting,Cambio inferior a la banda mínima; se evita rotación innecesaria.
2026-08-21,0.006182940162617088,-0.014183296484651987,0.17324534363534644,0.0006988701203021,0.9493599738694777,0.9513710175105787,0.9493599738694777,0.005484070042314988,0.0,0.0,ridge,histogram_gradient_boosting,Cambio inferior a la banda mínima; se evita rotación innecesaria.
2026-08-28,0.003912269839037445,-0.013060492009034384,0.1383924272761128,0.0007025707570973,0.9493599738694777,0.950802424770485,0.9493599738694777,0.0032096990819401447,0.0,0.0,ridge,histogram_gradient_boosting,Cambio inferior a la banda mínima; se evita rotación innecesaria.
2026-08-31,0.0029005540670322886,-0.01523632613204518,0.13472637899910156,0.0003011998598991,0.9493599738694777,0.9506498385517832,0.9493599738694777,0.0025993542071331885,0.0,0.0,ridge,histogram_gradient_boosting,Cambio inferior a la banda mínima; se evita rotación innecesaria.
