date,v3_multiagent,buy_and_hold,sma_50_200,volatility_target
2020-01-03,1.0002804721309924,1.0002804721309924,1.0002804721309924,1.0002804721309924
2020-01-10,1.0182007938058375,1.0191289540101336,1.0191289540101336,1.0191289540101336
2020-01-17,1.040136075601586,1.0422242212783221,1.0422242212783221,1.0422242212783221
2020-01-24,1.037143024986669,1.0390517554062604,1.0390517554062604,1.0390517554062604
2020-01-31,1.0210977906219303,1.0221152310116794,1.0221152310116794,1.0221152310116794
2020-02-07,1.0659679361062302,1.0693784799551267,1.0693784799551267,1.0693784799551267
2020-02-14,1.0900191067908442,1.0947600577156236,1.0947600577156236,1.0947600577156236
2020-02-21,1.0707490696420618,1.0743709327825657,1.0743709327825657,1.0743709327825657
2020-02-28,0.962666133171655,0.960201323977799,0.960201323977799,0.960201323977799
2020-03-06,0.9725351970949705,0.9705591996245899,0.9705591996245899,0.9705591996245899
2020-03-13,0.9028954988323081,0.8974008173760047,0.8974008173760047,0.8974008173760047
2020-03-20,0.806390463262579,0.7964350717922871,0.7964350717922871,0.7964350717922871
2020-03-27,0.8736844287328334,0.8663967799140752,0.8663967799140752,0.8663967799140752
2020-04-03,0.8650399544497799,0.8573727272812374,0.8573727272812374,0.8573727272812374
2020-04-09,0.9434243753475989,0.9391497664350469,0.9391497664350469,0.9391497664350469
2020-04-17,1.0078132887851468,1.0066193568835982,1.0066193568835982,1.0066193568835982
2020-04-24,1.0013657426271834,0.9998394908992024,0.9998394908992024,0.9998394908992024
2020-05-01,0.9964731550801385,0.9946963102227092,0.9946963102227092,0.9946963102227092
2020-05-08,1.0504058572391355,1.0513653915227525,0.9937197280236441,1.0513653915227525
2020-05-15,1.0433505410364339,1.0439308662214681,0.9937393474829317,1.0439308662214681
2020-05-22,1.0717195598300764,1.0738084425089343,0.9937602999984235,1.0738084425089343
2020-05-29,1.0881235698325127,1.0911080907245418,1.0087765680424388,1.0795679637193616
2020-06-05,1.1161653200908759,1.1207050881574325,1.0361402708217722,1.0904599838805271
2020-06-12,1.099311810143286,1.102890699895423,1.019670099254451,1.0840524694913307
2020-06-19,1.1363270162304544,1.1419793320312037,1.0558092283752165,1.0982713862877767
2020-06-26,1.1204069303706372,1.125136457307081,1.040237263045103,1.0923197320109843
2020-07-02,1.1734458639499363,1.181201294646427,1.0920716272843844,1.1125929530535077
2020-07-10,1.2255189984820145,1.236375756818497,1.143082801215437,1.1316851049296526
2020-07-17,1.2054526635452347,1.215064867421503,1.1233799632926094,1.1245886921381252
2020-07-24,1.1884142188093179,1.1969854468905279,1.1066647579426774,1.1176955493804785
2020-07-31,1.2336084155684777,1.2449003938964622,1.1509641964762924,1.135893221699857
2020-08-07,1.2586539227085678,1.271504303442683,1.1755606601966988,1.1465705311372447
2020-08-14,1.2616941325352733,1.274736068434142,1.178548566550357,1.1481089984722874
2020-08-21,1.3044585781470606,1.3202154577259149,1.2205962267560067,1.173975655244987
2020-08-28,1.3513261765207751,1.3701444278819075,1.2667577167018924,1.2026168244993432
2020-09-04,1.3120506481196614,1.3282246144438783,1.2280010381542028,1.174767741332547
2020-09-11,1.25434040915798,1.266726763653458,1.171143618261779,1.1326258286255781
2020-09-18,1.2385676128167529,1.2499588086657025,1.1556409194646269,1.1220755944501988
2020-09-25,1.2592470381179386,1.271925689944066,1.1759502502220116,1.1357050069148442
2020-10-02,1.2713626291629216,1.284806258215793,1.1878588920569015,1.1441358919176576
2020-10-09,1.3215583577837335,1.3382013766491512,1.2372249858301176,1.17954164485769
2020-10-16,1.3338633317172401,1.3513158840186246,1.2493499144675357,1.1879630720854313
2020-10-23,1.3173058457980509,1.3336577759576729,1.2330242306977264,1.1766341480163625
2020-10-30,1.2497993683250692,1.2617151367037673,1.16651015263395,1.130662642908849
2020-11-06,1.3610029463413889,1.379886510675834,1.2757646931233726,1.200340398645839
2020-11-13,1.3448537867083448,1.3626503813671458,1.2598291469404017,1.1917198617118983
2020-11-20,1.3424393000676338,1.3600743861629765,1.257447528085729,1.190441182356205
2020-11-27,1.3803422615879795,1.400495360685509,1.294818465303044,1.2112211474009902
2020-12-04,1.408893154721321,1.4309866569477583,1.3230089859857121,1.2270660857832452
2020-12-11,1.3928162808006452,1.4137973154586194,1.3071166971632469,1.2181181434420982
2020-12-18,1.4288063422474186,1.4522511286820032,1.3426689087739876,1.2382915645736272
2020-12-24,1.4290745898751378,1.452537185857222,1.3429333809907498,1.2384369186868984
2020-12-31,1.4474075383975609,1.4721509063251557,1.3610671129173888,1.248801863634988
2021-01-08,1.4705932058988551,1.4969727329723428,1.384015964007904,1.2618526073921408
2021-01-15,1.4391959715864586,1.4633290333366042,1.3529109102159793,1.2439788811335633
2021-01-22,1.4986465474909496,1.5269569144182753,1.4117376351344593,1.278294727521589
2021-01-29,1.4511346732896804,1.4759989083576397,1.3646247570382126,1.2513107137830999
2021-02-05,1.524761735499802,1.5548286850366482,1.437506291190339,1.2948915921262938
2021-02-12,1.5470128603137887,1.5787122382266092,1.459587667934259,1.307407370399316
2021-02-19,1.5232940992871733,1.5532331611649315,1.436031160440945,1.2940981105195954
2021-02-26,1.4494998431971955,1.4740277493650484,1.3628023353913419,1.253165588072549
2021-03-05,1.42556648070187,1.4484080127192827,1.3391157820357484,1.2402973381011515
2021-03-12,1.4553128887310574,1.4802213610092376,1.3685285969334628,1.2561874969077313
2021-03-19,1.44514513114419,1.4693351975771567,1.3584638685353154,1.2507932925322536
2021-03-26,1.4594347386666755,1.484628447872791,1.3726031391342526,1.2589575484832196
2021-04-01,1.4970357263210547,1.524891587535705,1.409828151205052,1.2859487987090563
2021-04-09,1.5519830667426235,1.5838070764249919,1.4642980659564049,1.3252406576445843
2021-04-16,1.5734137767377576,1.6068281642704143,1.4855820562289797,1.3399340085604305
2021-04-23,1.5620945658769487,1.5946599257450522,1.4743319940187496,1.33203569463641
2021-04-30,1.5558426587874044,1.587941727883575,1.4681207298555166,1.3276694215933569
2021-05-07,1.5392684441046076,1.5701351129143704,1.4516577450332162,1.3159860888434565
2021-05-14,1.5050958003538368,1.5334425057464869,1.4177338445085967,1.2916648570384721
2021-05-21,1.507811748128949,1.5363551955761467,1.4204267520904525,1.29352703024154
2021-05-28,1.538123797560706,1.5688665115286178,1.4504848682458362,1.31468371056582
2021-06-04,1.5454316520261917,1.5767125031290397,1.4577388264437885,1.3197361323748813
2021-06-11,1.5701053682907686,1.603210251704954,1.4822371397607692,1.3371938902658722
2021-06-18,1.5761814779178942,1.6097405579746338,1.488274690030073,1.341678476530134
2021-06-25,1.6078027737211338,1.643734129817951,1.5197032157931203,1.3667584408922
2021-07-02,1.6479272214246414,1.6869136608785271,1.559624557705309,1.4024011661344928
2021-07-09,1.6582734082379025,1.6980613030742915,1.569931034516915,1.4114022173107585
2021-07-16,1.6433936733651544,1.6820219647321109,1.555101973286371,1.3980621052046343
2021-07-23,1.6896723186983384,1.7318806050960596,1.601198440301117,1.4395009865953636
2021-07-30,1.6738475651631808,1.7148061602777125,1.5854123784145768,1.4253090843999952
2021-08-06,1.689027307565249,1.7311750862348187,1.600546157633999,1.4389145748682333
2021-08-13,1.6923848052587127,1.7347967003682812,1.6038944963617434,1.441924780712012
2021-08-20,1.6876339592517993,1.7296697325596382,1.5991543931268453,1.4376633580729063
2021-08-27,1.7238653620871853,1.768757254225018,1.6352924955697505,1.470152044553555
2021-09-03,1.74794909762104,1.7947680245145483,1.6593405764224813,1.491771623515124
2021-09-10,1.7262774594965558,1.7713440580077542,1.6376841074222617,1.4723021388420527
2021-09-17,1.714258805121867,1.7583620667727637,1.625681695676149,1.461511793863448
2021-09-24,1.7138836126853383,1.7579565229824303,1.62530675292164,1.461174714803509
2021-10-01,1.6565337456070786,1.6960353608752656,1.5680579634289455,1.409707209663655
2021-10-08,1.6608162137638065,1.7006500316723887,1.5723244259443836,1.4135428223183177
2021-10-15,1.6948047553187124,1.737284894379436,1.6061949392202777,1.443992912731828
2021-10-22,1.7173240840207245,1.7615827270602156,1.6286593352512062,1.4641887357078418
2021-10-29,1.7697006834737905,1.8181360233131467,1.680945300858551,1.5111945890627263
2021-11-05,1.824086115438049,1.8769499411764503,1.7353213088083002,1.5600794212738176
2021-11-12,1.8071318115532142,1.858585277815217,1.7183423841387033,1.5448151178632943
2021-11-19,1.8475399683502451,1.9023304084665464,1.7587866473076372,1.5811751062747583
2021-11-26,1.7919736474686592,1.8421041203162807,1.7031048420102204,1.5311163430111812
2021-12-03,1.7568566630993787,1.8041039712672604,1.6679720625279268,1.4995314566824833
2021-12-10,1.8216784635334287,1.8741715442339146,1.7327525608023264,1.557770078973797
2021-12-17,1.7647186085077533,1.8124855057262566,1.6757211532352105,1.5069606690028914
2021-12-23,1.819237125954781,1.8714258691525192,1.73021406557063,1.5523891912052412
2021-12-31,1.8232872496780748,1.8758107466080585,1.7342680742142176,1.5555783060477597
2022-01-07,1.744965532915082,1.7909902042113874,1.6558478183424155,1.4928255786574296
2022-01-14,1.7456221698416412,1.7916974998252693,1.6565017436941094,1.4931804375810556
2022-01-21,1.6220382133167375,1.6581726140304907,1.5330522182205415,1.4017601041093355
2022-01-28,1.62252261974059,1.6586909816135345,1.5335314714456367,1.4018917333760434
2022-02-04,1.649735267764375,1.687970680637267,1.5606018181377437,1.4190126261328313
2022-02-11,1.6018050043620593,1.6363426907682128,1.5128695110659025,1.389348520640423
2022-02-18,1.5774755224175345,1.610175270120825,1.488676600189707,1.3744923850658122
2022-02-25,1.5961732818301402,1.630260274226813,1.507246054200173,1.3862503314381724
2022-03-04,1.5590330485322934,1.5903253896143439,1.4703245281048196,1.363109154763343
2022-03-11,1.5023944461326544,1.5295032970784257,1.4689569425074926,1.327452992430663
2022-03-18,1.621589318915312,1.6572296025662216,1.469064638258725,1.4018397346733362
2022-03-25,1.6579933314241886,1.6963831602047623,1.4692107699063173,1.4208539512571892
2022-04-01,1.6689592302895375,1.7081849434978953,1.4693513088136787,1.4266638891841317
2022-04-08,1.6133221819051873,1.6482316830034798,1.469538932850234,1.397599820574907
2022-04-14,1.5662751002236275,1.5976262142793844,1.4697189643396802,1.3727420288688663
2022-04-22,1.5089995350891328,1.5361150378441557,1.4699692723325375,1.3421052558832276
2022-04-29,1.4554848583823667,1.478759093585603,1.4701961593524475,1.3135141708082494
2022-05-06,1.4378395106123318,1.4598759145786058,1.4704250394873408,1.3036727009371774
2022-05-13,1.4055647508391367,1.4253679728456872,1.470689742665667,1.2853767670952074
2022-05-20,1.3469372730520583,1.3627713486094604,1.4709642731157793,1.2503684780262492
2022-05-27,1.437463256161324,1.4591680267138434,1.4712519846768055,1.3046218183890208
2022-06-03,1.4246663269834554,1.4454775553632104,1.4715704645943655,1.2979994567623678
2022-06-10,1.3479511742091945,1.3635264684819322,1.4719316859618408,1.2580159693954394
2022-06-17,1.2852375473607849,1.296728712625801,1.472354815857601,1.2232567744866474
2022-06-24,1.3763167113697854,1.3934379511322992,1.4728025429155647,1.2737172948776694
2022-07-01,1.320950797511568,1.3344106748893423,1.4732517965734682,1.247088247176944
2022-07-08,1.3797760133645565,1.3969383018980057,1.4737678705150459,1.2760040209813408
2022-07-15,1.3643608713134827,1.3804787615562029,1.4743941313276334,1.2691782229460071
2022-07-22,1.4093325664873728,1.4283441815822664,1.4750524592688108,1.2903155952242582
2022-07-29,1.469082094742699,1.4920540894108685,1.4756953162900681,1.3173923524900752
2022-08-05,1.4969432406363463,1.5218043317590546,1.4763694354394836,1.329790688309539
2022-08-12,1.5351665188557309,1.5626696425045847,1.4770687460206209,1.3481239186032499
2022-08-19,1.5019649791188474,1.5270543396880945,1.4777904989807258,1.3329323366346357
2022-08-26,1.4338563974138736,1.4541216050249304,1.4785609375274753,1.301241907656005
2022-09-02,1.3795303449357186,1.3960872373829138,1.4793497186808662,1.2758133532443319
2022-09-09,1.432493786798908,1.4524661157515761,1.4801797511974184,1.3015304120471258
2022-09-16,1.3537872919284581,1.3684177204401877,1.4810383716889048,1.2652524713917401
2022-09-23,1.294639375532509,1.305441611452364,1.4819079662930226,1.2380133053870477
2022-09-30,1.2578491645897585,1.2663506843444223,1.4827979220495335,1.2212138236038537
2022-10-07,1.2661151103438735,1.275069061491629,1.4837195579116278,1.225503627228072
2022-10-14,1.2287914294156008,1.2354572497344016,1.4847339623885232,1.2079956022225486
2022-10-21,1.2945598696168044,1.3050151908184973,1.4858196399619876,1.2428705105306266
2022-10-28,1.3205067356901123,1.3324969642321463,1.4869294342178239,1.25585621754114
2022-11-04,1.246773998448324,1.2541258858599846,1.48805185767613,1.2196737078913662
2022-11-11,1.3509989962935653,1.364432908454338,1.4891888540476115,1.2725386676502903
2022-11-18,1.3370567691397683,1.3495551221512834,1.490346487768082,1.2664684600742053
2022-11-25,1.3464741551089037,1.3595050850042194,1.4915160066605477,1.2714954566468848
2022-12-02,1.371627261293011,1.3861816933460054,1.4926955101632808,1.2844644145373498
2022-12-09,1.3248686206227491,1.3363825741955337,1.493866322280096,1.261954654706954
2022-12-16,1.2901565653996665,1.2994709822646335,1.495035300333851,1.2450626307593997
2022-12-23,1.26227629121885,1.2698575498698128,1.4962134561565767,1.2309552471201897
2022-12-30,1.2574827487065716,1.264727916932208,1.4974110008875372,1.2288523992046325
2023-01-06,1.2688412672527918,1.2766970110990457,1.4986736628727981,1.2354733315075808
2023-01-13,1.3159170825072106,1.3345001047722775,1.4999360130566748,1.2654493251798111
2023-01-20,1.322678466633863,1.3426213449693511,1.5012132001151761,1.26995921954503
2023-01-27,1.3749224217522447,1.4071210193469266,1.5024942308984595,1.302874611980735
2023-02-03,1.4128382850552474,1.4542373900720422,1.5037694577436265,1.32630487158534
2023-02-10,1.3885722076913931,1.4234603327600144,1.5050766794672203,1.311394027661117
2023-02-17,1.3943326173507349,1.4303945541301066,1.506397459260592,1.315496814466355
2023-02-24,1.35925353194774,1.3861756227744813,1.507725750646366,1.2922314083469462
2023-03-03,1.3893373946261571,1.423365276493715,1.5090593590727763,1.3123940649276349
2023-03-10,1.3525301232787017,1.3705015551627688,1.5104176499426372,1.2846531916212005
2023-03-17,1.4272382069626284,1.450342748282729,1.5968995055057986,1.32911425777596
2023-03-24,1.4474879338155133,1.4788942748490463,1.6283361564003358,1.3441742717163827
2023-03-31,1.4917214223630786,1.5266541261556839,1.6809221282507167,1.3709528193833944
2023-04-06,1.4790289540624366,1.5129537346028046,1.6658373156973163,1.3623996547831372
2023-04-14,1.4814060304742478,1.51542771459283,1.6685612907214136,1.364394211714118
2023-04-21,1.4727932736763727,1.5061039089831652,1.6582953169816643,1.3588047590397196
2023-04-28,1.4992122445138127,1.5344080227442078,1.6894595540713497,1.3773269760353268
2023-05-05,1.500741090221164,1.5359780798280689,1.691188265014885,1.3786595997587816
2023-05-12,1.510278930005091,1.5461576879598686,1.702396519898885,1.38604179443012
2023-05-19,1.5611386846114563,1.6007678090743058,1.762524979538176,1.426086099167343
2023-05-26,1.6137313768543253,1.6573280642750814,1.8248006338056548,1.4667813514604857
2023-06-02,1.6413709625597566,1.6870593545950958,1.8575362632741348,1.4877834855804264
2023-06-09,1.6407844405818945,1.6863453961588097,1.856750159523689,1.4874743653751739
2023-06-16,1.7000454841634691,1.750231794749762,1.9270922620640951,1.5337107260996292
2023-06-23,1.678598127768969,1.7269573715902615,1.9014659645021248,1.5168258682118394
2023-06-30,1.7090065548893163,1.7597300182436961,1.937550278569922,1.5411833837313011
2023-07-07,1.6950788259359515,1.7445821655391927,1.9208717392922665,1.5297625319153323
2023-07-14,1.7516985241586003,1.805697718386334,1.9881630028476371,1.575950582730135
2023-07-21,1.7366450133021212,1.789311469090977,1.9701209273259486,1.5629406582547998
2023-07-28,1.7712833234222871,1.8267050051757785,2.0112930704994407,1.5924952801944847
2023-08-04,1.7210534513123346,1.7722106691084536,1.9512920959561364,1.5448298641377165
2023-08-11,1.695587119034271,1.7445821655391929,1.9208717392922667,1.5207461938612583
2023-08-18,1.6599162715799072,1.7059500848008178,1.878335896850322,1.487070743713763
2023-08-25,1.6859890648740659,1.7340070818820261,1.9092280461839946,1.5115279302912932
2023-09-01,1.745912525088107,1.7986478600318496,1.980400758141348,1.567875071332479
2023-09-08,1.723937925808017,1.7747826666191804,1.9541239931458902,1.547737024793714
2023-09-15,1.716221532999071,1.7663512350235127,1.9448405675819882,1.5407719909724364
2023-09-22,1.6617374667109865,1.707370302411945,1.8798996270814035,1.4918744798732606
2023-09-29,1.663407619886647,1.709087533839578,1.8817903842978427,1.4932642498305253
2023-10-06,1.6919128506075427,1.7397612433729812,1.9155636641959344,1.5169914038114871
2023-10-13,1.6945556329659444,1.74252823948607,1.9186102645460652,1.5192743420018535
2023-10-20,1.6474608633529713,1.6915803016904005,1.8625140508967213,1.4765346683088652
2023-10-27,1.6064426117650334,1.6472632047513538,1.8137187228467062,1.4407322503075344
2023-11-03,1.705741951477828,1.754120365967552,1.9313737723913367,1.524577102104483
2023-11-10,1.7529944953421186,1.8050680076377812,1.9874696599918418,1.559908663054353
2023-11-17,1.7868219273575783,1.8415616185098602,2.027650940744096,1.5847724516717085
2023-11-24,1.8021984899591752,1.8581145864280415,2.045876581762052,1.5961891502749055
2023-12-01,1.8041769401437457,1.8601658473522031,2.0481351220687043,1.5979015347832917
2023-12-08,1.8140857682369282,1.8708040057281294,2.05984826357965,1.605566422083245
2023-12-15,1.8721772467823468,1.9336298310550595,2.1290226222037467,1.6498456663148802
2023-12-22,1.8869995455081583,1.9520232185839905,2.1492746567550998,1.6626372645776248
2023-12-29,1.8924984002045324,1.9585017029016383,2.156407790226845,1.6674424468452842
2024-01-05,1.8363369675035868,1.897430272745084,2.0891651079484617,1.6234974699933242
2024-01-12,1.8927152581048299,1.9586931479987175,2.156618580801156,1.6671511078938346
2024-01-19,1.9437888242793522,2.0142647884174356,2.217805721020164,1.7056894136282414
2024-01-26,1.955407481519284,2.0268424203638533,2.2316543194010983,1.7147363477350088
2024-02-02,1.9782815562315164,2.05171147901875,2.2590363899602273,1.7326190539378281
2024-02-09,2.0135763401788487,2.0901620348622916,2.3013723644639623,1.7602392000128477
2024-02-16,1.9853333128520512,2.059172063358771,2.2672508644059888,1.7364398625366142
2024-02-23,2.012615723115354,2.088870927943085,2.2999507915266157,1.7588534974549348
2024-03-01,2.0513422411794195,2.1311000444033876,2.346447149213963,1.7907216942730906
2024-03-08,2.0226431194265033,2.099583561867218,2.3117459343205295,1.7673559971736068
2024-03-15,2.0004367511934658,2.0751931899863805,2.284890921709387,1.7482397011993014
2024-03-22,2.057652499200842,2.1376050319479316,2.353609464056784,1.7997229773071797
2024-03-28,2.047367975556802,2.1262558763901214,2.3411134792837816,1.7901318944396174
2024-04-05,2.0319867055384004,2.1093034352531306,2.322447998382229,1.7758593386739117
2024-04-12,2.0224522222363515,2.0987681804676686,2.3108481588427807,1.766989523983724
2024-04-19,1.9190746906806802,1.9856575902683637,2.1863077729439246,1.6717597459673394
2024-04-26,1.9910089324930207,2.0639540450295986,2.2725160640800137,1.7331043831236475
2024-05-03,2.0107550968605703,2.0854077409201217,2.29613765035637,1.7489953399663245
2024-05-10,2.0396982431252493,2.1169175606338873,2.3308315291509296,1.7731511689342996
2024-05-17,2.0822895635245007,2.163368537494907,2.381976365133633,1.8085732047110161
2024-05-24,2.109479667556676,2.1930109901828656,2.4146141799504606,1.8308796224490682
2024-05-31,2.0779230975416683,2.1583401794578454,2.3764398928256925,1.8030801722741197
2024-06-07,2.1316432228201987,2.2170029252839343,2.4410304938489427,1.8506063465202947
2024-06-14,2.202693659594125,2.29472430444033,2.5266055981400024,1.9137152534207822
2024-06-21,2.207122432102589,2.2994648285495316,2.5318251509765894,1.917431563175678
2024-06-28,2.2058853145370354,2.297987606791169,2.5301986563440306,1.9164202844660863
2024-07-05,2.2805195927118165,2.3797656083526593,2.6202403036783743,1.9803040342607674
2024-07-12,2.274784974939265,2.3733387979243243,2.613164065729007,1.9755340008620759
2024-07-19,2.1894419881810117,2.2794258719494933,2.5097612630277966,1.904315475667725
2024-07-26,2.135883378596438,2.2205744942180057,2.444962968894204,1.8631384154786328
2024-08-02,2.0737040106061038,2.1523698463955556,2.369866259161398,1.816354574444928
2024-08-09,2.0810866350353394,2.16033221529397,2.3786332233645755,1.821988489741757
2024-08-16,2.189180919685466,2.2784186012647036,2.508652207902478,1.9038314251645372
2024-08-23,2.211028856602308,2.3022562550114363,2.5348986503559243,1.918923865919435
2024-08-30,2.1948218529603722,2.2843661326680995,2.5152007358061814,1.9082680031097052
2024-09-06,2.0742618358204052,2.1520823085931364,2.369549665738884,1.8265814082875718
2024-09-13,2.191317559707852,2.279905299037153,2.5102891360978807,1.90635129037046
2024-09-20,2.2224856224601766,2.3139594285329883,2.5477844265157623,1.926495538559681
2024-09-27,2.2444216400226122,2.337912719264113,2.574158191040776,1.940777540515653
2024-10-04,2.247012840075971,2.340650398958623,2.5771725125558613,1.942853254408119
2024-10-11,2.2735492893559655,2.369661364145387,2.6091150282238598,1.9601530291176101
2024-10-18,2.278502963827686,2.3749928065704777,2.6149852115183543,1.9637336598683668
2024-10-25,2.282318949169477,2.3790753399515885,2.6194802838350366,1.9665907748246387
2024-11-01,2.24790006441533,2.341178686743913,2.577754183684354,1.9445146704038936
2024-11-08,2.3649367468085662,2.4694701476343015,2.719009463306396,2.023234968871882
2024-11-15,2.2883097466827635,2.385079431314059,2.6260910870669583,1.976837571119981
2024-11-22,2.328741852530171,2.429363806391965,2.6748503867202817,2.001307633991074
2024-11-29,2.3461042244625236,2.448336119156458,2.695739846751569,2.0122561938095274
2024-12-06,2.419345363591098,2.5287403948009297,2.784268953522529,2.056883941144514
2024-12-13,2.437110969192753,2.5481928749666825,2.8056871017459972,2.0682212359573984
2024-12-20,2.3854428531106278,2.491180436218744,2.7429135709016084,2.0358795576276307
2024-12-27,2.406244898034759,2.513958997328655,2.7679938996829394,2.0497199346489436
2025-01-03,2.3889427430731307,2.494812414742613,2.746912559909994,2.0389099820487693
2025-01-10,2.3392251483028472,2.44001662297718,2.6865796676487497,2.0044417649903306
2025-01-17,2.403026480876097,2.51001431033995,2.763650603100738,2.0483679229769476
2025-01-24,2.4376224038368592,2.547972261513744,2.805444195361061,2.0718640501216483
2025-01-31,2.405647582807443,2.512660191148003,2.7665638494757827,2.04654194127446
2025-02-07,2.4084994554301016,2.5156913311537368,2.7699012853901595,2.0487701451392484
2025-02-14,2.475191219529565,2.5889607604423914,2.8505745714380835,2.108426381328765
2025-02-21,2.4225858708280077,2.5308935228765144,2.7866396546297425,2.062653743853344
2025-02-28,2.344384048537932,2.444731236110365,2.691770691211938,1.9973861879869015
2025-03-07,2.272737150772968,2.365929443285454,2.605005997732366,1.941271669042903
2025-03-14,2.219609263519322,2.307573631478117,2.540753346330575,1.9016333268152692
2025-03-21,2.2248816278220667,2.3132505042291838,2.5470038655955776,1.9056765783242056
2025-03-28,2.175768495959746,2.2593657423804796,2.4876740625870273,1.8695618771869686
2025-04-04,1.9720443364007159,2.036435552061366,2.2422168345597746,1.6972480297071308
2025-04-11,2.1126687551844356,2.189311643121354,2.41054101483124,1.7852048254614559
2025-04-17,2.0672778395693263,2.1396859054161106,2.355900609247321,1.761447769353148
2025-04-25,2.193143949326094,2.276806790493776,2.3556666072955257,1.82907177418159
2025-05-02,2.2649166944877095,2.355195932517789,2.357529488419274,1.8645817977642172
2025-05-09,2.2612248949623517,2.351052693421441,2.3593968821149653,1.8634582333831975
2025-05-16,2.4088678136877895,2.5126492345067164,2.3612753135691054,1.9339544393326973
2025-05-23,2.35515941845185,2.4535320841926636,2.3631521969457823,1.9117112391216375
2025-05-30,2.3985900739431036,2.5010861283183727,2.3650314424312335,1.9309881351683942
2025-06-06,2.4461054572265986,2.553168670738111,2.3669121823458625,1.951912822206388
2025-06-13,2.4332329569036695,2.5389075656642417,2.3687979044572067,1.9471814183067655
2025-06-20,2.4327602633169474,2.5382812603582505,2.370665497797795,1.9476957532064065
2025-06-27,2.5287577051200354,2.6436785231543367,2.3725354368786915,1.989459735550247
2025-07-03,2.5644556811489734,2.682893230696276,2.405355638559893,2.0047392402141275
2025-07-11,2.5557319178013493,2.6731495192124286,2.396619886018563,2.002008316127555
2025-07-18,2.586743807419549,2.707203056457383,2.4271506827300677,2.0156432710028986
2025-07-25,2.6092066524327406,2.7318507613457412,2.449248653403089,2.0258612582993956
2025-08-01,2.5546843214166137,2.671606113418184,2.3952361411168663,2.00295691167107
2025-08-08,2.645293753045744,2.7713062188705506,2.4846225572705305,2.043327288991332
2025-08-15,2.657592595926709,2.784763935625198,2.496688111914139,2.0492612539222392
2025-08-22,2.6342286036215627,2.758861843372216,2.4734655166433464,2.039805436101705
2025-08-29,2.627465760679409,2.751289323615805,2.4666763522868274,2.0360203017030316
2025-09-05,2.6523151201899404,2.7785897201973406,2.4911526013231247,2.0520300600196855
2025-09-12,2.698748054814247,2.8297184425742428,2.5369922043511317,2.083345229276937
2025-09-19,2.754267773825209,2.890927571060483,2.591869424454857,2.125250572376368
2025-09-26,2.7426374544282472,2.8779569806549397,2.5802406043398918,2.1161647141301954
2025-10-03,2.7742382376088677,2.912774225410131,2.6114561052151486,2.140583822940872
2025-10-10,2.7146071888684853,2.84671308158646,2.5522287968124417,2.091931392872857
2025-10-17,2.7777904096406196,2.9163958395435943,2.614703073777648,2.1431383620104887
2025-10-24,2.8353984906526026,2.9799944042066873,2.6717225497547017,2.189874309802682
2025-10-31,2.8877125591749144,3.037797794005359,2.7235463450475272,2.232351623908015
2025-11-07,2.803576316217052,2.944452836624803,2.639857655166945,2.1637562856655177
2025-11-14,2.799836123143729,2.940203140432708,2.636047577829216,2.1606333601652556
2025-11-21,2.7179061455200495,2.8494658636784207,2.5546968115104787,2.0939542982766923
2025-11-28,2.8456008634151004,2.990376858265014,2.68103096878739,2.197503944738553
2025-12-05,2.872877313695386,3.020461722360609,2.7080036401779948,2.218676419393871
2025-12-12,2.8212585504905774,2.9631892854761888,2.656655872246785,2.178318780375226
2025-12-19,2.836324946285752,2.979752765847497,2.6715059081891255,2.1897014771475356
2025-12-26,2.869777473440627,3.0166653942174375,2.7046000312678364,2.215976171134431
2026-01-02,2.8228426630573265,2.9645893665573833,2.6579111189649773,2.1776560164446606
2026-01-09,2.8820760343094327,3.0300105833048145,2.716564698907867,2.2257115440871313
2026-01-16,2.858639670672222,3.0039485833141324,2.6931987378951487,2.206696460976605
2026-01-23,2.8651150726337358,3.011007917682703,2.6995278044169324,2.211813873663213
2026-01-30,2.861499752472978,3.0068976965729353,2.6958427738652166,2.208848446459226
2026-02-06,2.8082158759331852,2.9478111952419415,2.642868601239496,2.165483762490477
2026-02-13,2.7745086391536575,2.9104345383072308,2.6093584520170863,2.1382305799237544
2026-02-20,2.8047549177958473,2.943749834829804,2.6392273768867014,2.1623025608558963
2026-02-27,2.798202533949318,2.936400001404412,2.6326378626004194,2.1570107821506292
2026-03-06,2.7653150098583863,2.8999419255851553,2.5999512699177374,2.1301953181553057
2026-03-13,2.739015095612075,2.8707854147445397,2.573810916306645,2.10877797102209
2026-03-20,2.6880427211599347,2.8144066844385978,2.5232644035775302,2.067364139151293
2026-03-27,2.605839140449431,2.7236457176490956,2.4418923978896188,2.000694325931763
2026-04-02,2.704417364768773,2.8320918879773265,2.539120123650267,2.0803550675028055
2026-04-10,2.8190319013987915,2.958402713861038,2.6523644577051457,2.169991552441136
2026-04-17,2.984592040111745,3.1413087377474667,2.816349379224968,2.2928424179988727
2026-04-24,3.050328881125496,3.2140744576623663,2.881587694596076,2.3385914486132227
2026-05-01,3.0952312181982853,3.263795399696629,2.926165148110909,2.3694188227527375
2026-05-08,3.2569616098533474,3.443312267920141,3.087111512378254,2.4819350336220554
2026-05-15,3.247073948219176,3.432177062992864,3.0771282123900567,2.475823565925581
2026-05-22,3.284624022447672,3.473861160580506,3.1145002099125576,2.4996387130157594
2026-05-29,3.37499885331133,3.5744158840532463,3.2046528363091795,2.557653404790341
2026-06-05,3.2308184328689626,3.4134409102669188,3.0603302608023317,2.4669421698104745
2026-06-12,3.3017530141719775,3.4922585458028794,3.1309944385210926,2.5085011522171716
2026-06-18,3.38563211765462,3.585599653552714,3.2146796770041846,2.557123812671959
2026-06-26,3.24114797986677,3.4242687369872837,3.070037979975495,2.475540759702659
2026-07-02,3.267724372438369,3.453736179540093,3.0964571003069983,2.4902348326158577
2026-07-10,3.3240588648654996,3.516306892800304,3.1525550531540083,2.521547530202721
2026-07-17,3.192903247411096,3.3700342509937213,3.021413895648756,2.450879274628857
2026-07-24,3.144629885062968,3.3162362538989916,2.9731811466990505,2.4264592211071094
2026-07-31,3.1611458029199877,3.334459813487977,2.98951953143627,2.435539886656213
2026-08-07,3.3141049124774073,3.504287161183195,3.1417787282192706,2.515565025865676
2026-08-14,3.3492079422967485,3.54325430785714,3.1767148355896104,2.533737405415928
2026-08-21,3.2726493169906092,3.457807608217198,3.1001073513916917,2.493925435683581
2026-08-28,3.285786700550767,3.472299098883531,3.1130997390076374,2.501315558927741
2026-08-31,3.2872736401757914,3.47389847238597,3.1145336619190074,2.5022839400430934
