period,strategy,cumulative_return,annualized_return,annualized_volatility,sharpe_ratio,maximum_drawdown,total_turnover,position_changes,market_exposure,directional_accuracy
selection,robust_growth,10.459224388855478,0.1371121130866899,0.2426672346997443,0.6514289468402445,-0.501532362799997,50.52945131665898,154.0,1.3099660174784142,0.5486096592097011
selection,high_growth,13.255722907675377,0.15026993302010605,0.2807452887253002,0.63980428151815,-0.5301647836949488,66.15,63.0,1.5208132970938741,0.5486096592097011
selection,constant_100,7.490397213930642,0.11928853926137495,0.21679486714902887,0.6284777383295655,-0.5340403081996983,0.0,0.0,1.0,0.5486096592097011
selection,constant_150,12.704576902713058,0.14788289131345422,0.32520421286745793,0.5872898845617492,-0.706338746291746,0.0,0.0,1.5,0.5486096592097011
selection,constant_175,14.995737434954044,0.15727051752901788,0.3794091185246488,0.575522127423671,-0.7720988442815823,0.0,0.0,1.75,0.5486096592097011
retrospective,robust_growth,2.144099171658957,0.3695175255574856,0.2637379630093798,1.3249397946473882,-0.24344762158631283,10.355835161715465,32.0,1.4100014115606012,0.5686274509803921
retrospective,high_growth,2.4566144172439657,0.40561040418715755,0.3107239622502595,1.2519660217429032,-0.2697897804264262,11.55,11.0,1.6562091503267975,0.5686274509803921
retrospective,constant_100,1.74675526584437,0.3196549245775242,0.20197634570688852,1.4744808881229359,-0.22768304537115625,0.0,0.0,1.0,0.5686274509803921
retrospective,constant_150,2.867417949467688,0.44961559772941917,0.3029362888909417,1.3770038639418287,-0.3285715917464789,0.0,0.0,1.5,0.5686274509803921
retrospective,constant_175,3.5262424104533157,0.5135837537955077,0.353416797587703,1.3491478983235192,-0.37660170872591214,0.0,0.0,1.75,0.5686274509803921
